date_str,latitude,longitude,temperature_2m,total_precipitation_sum,snowfall_sum,u_component_of_wind_10m,v_component_of_wind_10m,surface_pressure,snow_depth_water_equivalent,dewpoint_temperature_2m
1969-01-01,28.655451,77.069739,287.7921651204427,1.2910605846627732E-6,0.0,1.2324327230453491,-1.6665968894958496,98760.29508463542,-7.345364920210326E-25,278.6193256378174
2018-03-15,32.169843,77.610491,253.8541405995687,0.0034646887079361477,0.003457624465227127,0.4632116953531901,0.4773241678873698,52303.731119791664,10.0,251.44744237263998
1978-07-02,32.28063,77.419306,277.75855763753253,0.004161840649828719,8.348356932401657E-4,-0.020373026529947918,0.00119324525197347,57586.545084635414,0.33640746275583905,276.0709056854248
2017-05-07,27.76465,89.066239,274.34221331278485,1.6775267823732065E-4,3.752857446670532E-5,0.6893431345621744,-0.1842500368754069,59467.078287760414,0.014116644859313965,267.8832925160726
2007-07-15,31.915674,77.126046,290.3706703186035,0.0018903361887510073,7.195398211479187E-6,0.08133506774902344,-0.04374023278554281,76618.05029296875,3.1789143880208335E-6,285.79265149434406
2007-07-25,32.351171,77.13058,282.96628697713214,0.0024634599685668945,5.066394805908203E-7,0.17897160847981772,0.08206140995025635,63415.0439453125,5.563100179036459E-7,280.30491828918457
1955-04-15,28.611144,74.522325,296.23082605997723,8.523463748133508E-7,0.0,0.4154885609944661,-0.5553406476974487,98089.60237630208,-7.345364920210326E-25,267.04529825846356
1980-10-14,28.673226,83.518843,272.5085671742757,0.003986969590187073,0.0013514664024114609,0.17102940877278647,0.03369593620300293,61946.162272135414,0.6825377543767294,270.7741101582845
1998-02-25,33.430363,75.214877,270.0537528991699,0.01668207645406028,0.016674384474754333,-0.49267037709554035,0.12505722045898438,75556.21207682292,0.5797970692316691,268.38257153828937
1959-07-16,32.096807,76.996836,287.0687942504883,0.004092702269552717,0.0,0.17276509602864584,0.02011696497599284,67995.2919921875,-7.345364920210326E-25,284.2067584991455
1963-07-08,31.707984,79.778908,284.4287516276042,4.520177840277029E-4,2.205371856689453E-6,2.0032475789388022,0.9130458831787109,58240.209147135414,1.7881393432617188E-6,271.7256825764974
1950-06-12,31.884937,77.153741,290.41668764750165,1.731016624262338E-5,2.682209014892578E-7,-0.08505694071451823,-0.21858986218770346,77219.02018229167,2.463658650716146E-6,279.6181748708089
1988-07-15,32.268453,77.179929,284.2525157928467,0.010916345481746248,6.714463233947754E-5,0.06476656595865886,0.29000771045684814,67051.36328125,0.004001061121622722,282.58131408691406
1959-10-04,31.325328,86.756922,272.56703821818036,3.8567483414908565E-4,2.569817006587982E-4,-0.3384100596110026,-1.4370347658793132,54181.67333984375,0.005448063214619954,267.536429087321
1984-10-12,33.172751,89.813834,271.1585006713867,0.0012758283013454275,0.0011413544416427612,0.6232592264811198,1.4819227854410808,55232.33251953125,8.994738260904948E-4,260.71011034647626
2012-11-03,27.57753,86.305302,280.18710772196454,2.264708279540173E-4,0.0,0.11129156748453777,0.02301522095998128,71561.14078776042,-7.345364920210326E-25,275.64029184977215
1985-04-20,32.402073,80.665571,271.25425974527997,3.232469907743507E-6,3.948807716369629E-7,1.8116995493570964,0.3182791868845622,56287.625,5.940596262613932E-5,256.60714022318524
1954-08-26,29.676572,89.24937,278.30971972147626,0.006003677845001221,5.68019226193428E-4,0.027676900227864582,1.0866196950276692,56455.622233072914,4.3030579884847003E-4,276.04833793640137
2003-06-02,29.641032,81.074734,282.74705696105957,0.0010189145802428357,2.468004822731018E-6,0.20088024934132895,-0.0552289088567098,67341.1162109375,1.5497207641601562E-6,273.08237902323407
1977-08-15,31.779526,77.356802,287.42723910013837,0.02165007620698134,4.838034510612488E-5,0.2748158772786458,0.10681760311126709,72577.55712890625,5.046526590983073E-6,285.8341058095296
1970-08-15,32.278183,76.891437,277.7377535502116,0.007071014642917817,9.01147723197937E-6,-0.09938748677571614,-0.1761460304260254,60287.728678385414,2.5717417399088543E-4,276.60937817891437
2003-08-07,32.323001,77.149517,282.77177238464355,0.003145447079987207,1.7238780856132507E-5,0.03182220458984375,0.20989795525868735,63582.035319010414,0.07097895940144856,279.4325313568115
1964-11-13,32.974846,72.019122,291.115270614624,8.52346317969932E-7,0.0,-0.9647553761800131,-0.3807599941889445,96901.44694010417,-7.345364920210326E-25,275.8892885843913
1957-07-15,32.094957,77.121603,285.9246349334717,0.004218042814329692,4.0978193283081055E-8,-0.3756154378255208,-0.31925443808237713,73083.10384114583,4.76837158203125E-6,283.6003672281901
1995-09-04,31.962323,77.115693,287.3487720489502,0.06712753919907755,0.001937173306941986,-0.2323735555013021,-0.702336589495341,76011.94905598958,0.0011583566665649414,285.8337802886963
2018-11-15,28.237891,85.536642,262.43294588724774,3.718367096894326E-4,3.595799207687378E-4,-0.3321741024653117,-0.275895635286967,55636.396484375,0.0061204830805460615,257.7714023590088
1998-07-16,31.528634,77.701691,288.7985032399495,0.01693398356428588,0.0,0.11104520161946614,0.23022707303365073,73428.19661458333,-7.345364920210326E-25,286.6095428466797
2010-10-24,32.669589,84.235903,269.6518389383952,1.2665987014770508E-6,6.556510925292969E-7,4.680688222249349,2.379922866821289,56721.528645833336,2.8642018636067707E-4,249.76171938578287
2006-08-10,31.8465,77.160003,291.0615539550781,0.007866518896566532,0.0,-0.09965284665425618,-0.0541838010152181,77936.83837890625,-7.345364920210326E-25,288.51423327128094
2016-11-11,30.148926,77.100277,292.6319287618001,8.655407555124839E-7,0.0,-1.637338638305664,0.6843946774800619,98174.75048828125,-7.345364920210326E-25,285.8048508961995
1968-04-02,27.234667,87.5219,283.7138023376465,4.793769540469839E-4,1.1175870895385742E-7,-0.09311676025390625,-0.5967330535252889,80635.8271484375,3.178914388020833E-7,273.2903461456299
2005-09-08,31.964196,77.107479,288.9332853953044,0.004097313868953734,3.8370490074157715E-7,-0.22286860148111978,-0.12770462036132812,77370.10563151042,-7.345364920210326E-25,286.5174980163574
1979-07-21,32.342655,77.136728,278.38123257954913,0.0021802765663210266,1.1976808309555054E-5,-0.23392359415690103,-0.23260919253031412,63357.961100260414,0.41510240236918133,277.42335573832196
1958-06-12,31.614363,77.393351,288.3672072092692,0.0020324319600604213,8.180364966392517E-5,-0.14063012599945068,-0.5135596593221029,74638.27327473958,4.4465065002441406E-5,278.6051139831543
1996-02-03,32.222206,85.094766,259.13850529988605,3.010033651662525E-6,0.0,0.6918449401855469,-0.2404653231302897,56618.260416666664,0.002108295758565267,240.38307189941406
2021-07-15,32.252719,77.179769,283.36131540934247,0.005268591642277443,0.0,0.006045023600260417,0.08357278505961101,66614.03873697917,0.002238591512044271,282.086638768514
2024-11-11,31.665492,80.26945,269.6439406077067,2.0951032588811813E-6,1.214444637298584E-6,1.9260704914728801,1.7874464988708496,57804.023111979164,3.5762786865234375E-7,256.2939160664876
1961-07-15,32.010411,77.315758,283.20906893412274,0.005493149161338806,4.246830940246582E-7,-0.09557533264160156,-0.10323146979014079,62065.13818359375,1.1006991068522135E-5,281.19731458028156
1972-10-28,32.186436,77.383044,255.6011734008789,2.8461217880249023E-5,2.5656074285507202E-5,-1.5176957448323567,-0.9824965794881185,58848.181640625,2.9981232484181723,250.72609837849936
1969-12-18,30.960642,88.692558,263.9074516296387,2.1422993086162023E-6,0.0,1.9700075785319011,0.9018454154332479,55447.32666015625,4.533926645914713E-5,243.16502698262533
1997-03-28,34.095994,74.035038,273.55066935221356,0.05833342075339942,0.041241586208343506,-0.454037348429362,-0.6245778401692709,78231.87369791667,0.23810132344563803,272.88244501749676
2016-08-15,31.950259,77.374283,283.2193202972412,0.001954939593929339,0.0,0.2786966959635417,0.0017005205154418945,65473.31005859375,2.9802322387695312E-6,280.266944249471
2022-03-15,28.718882,83.582068,266.705073038737,3.7282705307006836E-5,0.0,0.08143234252929688,-0.4177992343902588,57013.441080729164,2.285251498222351,259.4667517344157
1982-08-02,31.743663,76.927428,293.2325019836426,0.018439605832099915,0.0,0.1585369110107422,0.14545464515686035,81738.31803385417,-7.345364920210326E-25,291.2014668782552
1993-10-25,32.778709,79.64867,269.6418209075928,4.284338331217441E-6,3.2410025596618652E-6,1.5852947235107422,1.1032554705937703,57443.70556640625,4.132588704427083E-6,251.5703500111898
1983-03-08,28.099447,79.371634,294.9894256591797,7.797596038017218E-5,0.0,3.3825340270996094,-0.951537569363912,99532.87906901042,-7.345364920210326E-25,282.7820816040039
1955-11-04,31.311008,72.133886,296.00282923380536,8.52346317969932E-7,0.0,-0.9007811943689982,-0.8203224738438925,99329.88525390625,-7.345364920210326E-25,281.3210678100586
1953-06-19,26.552654,85.089858,302.4862143198649,0.008233633971826748,0.0,-3.1144790649414062,-0.11275990804036458,99310.94580078125,-7.345364920210326E-25,298.71097056070965
1986-03-29,32.429556,76.677841,266.0089588165283,0.025238665938275062,0.024713829159736633,-0.54498291015625,0.38442039489746094,62916.847005208336,0.9087029695510864,263.7998727162679
1955-01-02,28.509066,84.961227,253.77187410990396,0.0023619938756382908,0.00235627219080925,0.3179323673248291,-0.44258562723795575,57858.0517578125,6.693807919820149,250.21698506673178
1984-07-08,31.915674,77.126046,289.83902168273926,0.0057546220299400375,4.3954700231552124E-5,0.2525889078776042,0.038608709971110024,76047.95914713542,7.987022399902344E-6,286.7167428334554
2009-08-12,26.893622,73.733465,305.81300926208496,0.002669352292912208,0.0,3.4882990519205728,1.2833671569824219,96382.31770833333,-7.345364920210326E-25,294.2486515045166
1963-07-18,31.915674,77.126046,289.04758707682294,0.041106849908828735,2.41156667470932E-4,-0.2625128428141276,-0.1353000005086263,76194.10481770833,1.0395050048828125E-4,287.94752502441406
2019-03-05,31.811375,78.656008,248.45059458414713,1.6167759895324707E-5,1.3470649719238281E-5,-0.6374454498291016,-0.10185154279073079,57468.71728515625,0.23455472787221274,245.271759668986
1999-11-09,30.482549,74.792154,293.56929715474445,1.7281585087403073E-6,0.0,1.3052012125651042,-1.1963100830713909,98878.67740885417,-7.345364920210326E-25,279.3437506357829
1971-07-15,32.177155,76.830991,280.55747477213544,0.010392261661877455,0.0,0.1078936258951823,-0.0616598924001058,62552.984049479164,-7.345364920210326E-25,278.37094751993817
1960-09-08,31.799364,77.142126,291.0641981760661,7.598876952101818E-4,0.0,-0.19826825459798178,-0.1557337443033854,79413.8037109375,-7.345364920210326E-25,286.51427205403644
2001-01-14,27.381229,74.772153,286.42762756347656,2.139806724699156E-6,0.0,-1.516884485880534,-0.9557907581329346,97216.62141927083,-7.345364920210326E-25,274.44361941019696
2021-11-14,28.718882,83.582068,270.80330594380695,1.1192560185691036E-4,4.400312900543213E-5,0.4597015380859375,0.38576380411783856,56968.564778645836,2.094470739364624,264.55390040079754
1990-10-21,26.661255,72.385167,297.4975350697835,2.1427869114631903E-6,0.0,-2.3482945760091147,-2.9806058406829834,98329.2841796875,-7.345364920210326E-25,272.1593132019043
2014-07-15,32.321175,77.155833,281.41573905944824,0.0073534507016574935,6.604939699172974E-6,-0.11934089660644531,-0.020044962565104168,63407.067220052086,0.2853413422902425,280.15207290649414
1976-11-21,30.84001,77.412028,282.89635467529297,1.7127939031524875E-6,0.0,-0.1795781453450521,0.04636255900065104,79082.4814453125,-7.345364920210326E-25,271.44791412353516
1969-09-03,33.464443,83.264457,275.81697845458984,1.0446518655271575E-4,0.0,1.7352869113286336,-0.6823323567708334,53320.735514322914,2.781550089518229E-6,264.9498596191406
2001-11-12,27.912404,86.683499,266.94677925109863,1.7183870504311471E-6,2.123415470123291E-7,0.45349566141764325,-0.04930750528971354,55012.443684895836,5.059624751408895,252.49304707845053
1955-10-15,31.970946,77.122043,280.490686416626,5.0875544445716514E-5,4.8041343688964844E-5,-0.46107737223307294,-0.5885963439941406,76794.04508463542,0.014118512471516928,273.40515327453613
2017-07-25,32.351171,77.13058,281.3883628845215,0.005812856554882728,1.2155622243881226E-5,0.02158037821451823,0.17860424518585205,63324.838216145836,0.08392322063446045,280.32151985168457
1999-02-15,32.768179,80.091433,260.0190366109212,0.0,0.0,0.38068580627441406,0.7347189585367838,55131.305989583336,0.03910660743713379,249.8117472330729
2024-10-06,27.405952,89.81751,288.9729696909587,0.0015104651451061102,0.0,-0.003314415613810221,0.4233890374501546,77743.68131510417,-7.345364920210326E-25,286.3755690256755
2008-09-22,32.797365,77.430127,260.5656026204427,3.031134605357977E-4,2.9885023832321167E-4,-0.4828968048095703,0.5091253916422526,54394.154459635414,0.04444169998168945,258.54355494181317
1950-08-05,31.9626,77.087647,289.7387587229411,0.020240941643692167,0.0,0.21942456563313803,0.18541240692138672,76071.5927734375,-7.345364920210326E-25,287.9309438069661
2015-09-12,31.374726,78.247951,277.6704756418864,2.504772345837125E-4,4.857778549194336E-6,0.0018825531005859375,0.11717454592386882,61376.249674479164,2.384185791015625E-6,272.44773928324383
1951-06-26,32.518137,76.60145,275.64420890808105,3.928112903395231E-6,1.8961727619171143E-6,-0.4362589518229167,-0.41955073674519855,61849.248209635414,1.009658972422282,271.02306365966797
1990-07-15,31.962323,77.115693,290.04944101969403,0.08164491057385703,0.0,0.27745310465494794,0.24647907416025797,76417.53662109375,6.755193074544271E-7,289.33103434244794
2011-10-14,28.587284,83.182882,280.82751655578613,0.001200193166731367,1.6260892152786255E-5,0.3893877665201823,-0.11665026346842448,65959.7802734375,8.662541707356771E-6,277.6888790130615
1998-07-15,32.276071,77.389366,278.9065348307292,0.005008238553990907,5.848705768585205E-7,0.0957806905110677,0.21901830037434897,58910.16845703125,0.17400912443796793,277.52621523539227
1978-02-23,29.834796,81.610513,258.679448445638,1.7134701693066745E-6,0.0,0.6300858656565348,-1.430594762166341,63415.263671875,0.3237842321395874,242.58671887715658
1972-10-05,27.333187,73.874926,302.37353515625,7.016062721731942E-5,0.0,-2.0871874491373696,-0.18878809611002603,97537.46598307292,-7.345364920210326E-25,284.3612594604492
2004-10-10,27.576297,88.364496,281.0569788614909,0.018815138936041365,8.843466639518738E-5,0.1291217803955078,0.31847091515858966,68661.79069010417,0.4418683449427287,280.2767251332601
2018-09-23,31.89851,77.148252,286.9025478363037,0.08233494518572115,0.0010098740458488464,-0.35381317138671875,-0.6069816748301188,78446.56640625,0.0010585387547810872,284.8467076619466
1950-01-02,27.792081,79.952479,289.07106908162433,8.38029468042123E-7,0.0,0.44867706298828125,0.31327911218007404,99172.21207682292,-7.345364920210326E-25,277.1564820607503
1980-06-20,33.067456,83.140803,283.08506266276044,4.23687696354591E-4,3.6656856536865234E-6,-2.2412776947021484,1.2002957661946614,57835.272623697914,2.4239222208658853E-6,265.5498510996501
2009-06-04,29.04849,87.93338,281.61475308736163,8.883293087933453E-4,4.64320182800293E-5,-0.29682159423828125,0.138101855913798,58109.986165364586,4.009405771891276E-5,270.5354398091634
1961-02-21,31.31939,78.42206,253.41048113505045,9.294152255279187E-5,8.90679657459259E-5,-0.5450706481933594,0.6588240067164103,57288.192545572914,0.3123258352279663,243.72030385335287
2023-08-23,31.979822,77.135871,290.52654965718585,0.1376414088773572,1.6752630472183228E-4,0.20771026611328125,0.34773890177408856,76998.9814453125,3.3179918924967446E-5,290.1016432444255
2012-08-15,28.206287,85.62293,274.66904640197754,0.004391187429423127,1.2568384408950806E-4,0.36638959248860675,0.42069729169209796,53584.330403645836,8.632211923599243,273.4186929066976
1963-07-02,31.893918,76.906238,292.17897351582843,0.0013186573982224559,2.9802322387695312E-8,0.0033734639485677085,-0.20697720845540366,78711.85009765625,-7.345364920210326E-25,285.27770233154297
2021-07-15,31.902633,76.936124,288.72825876871747,0.007349002361195289,0.0,0.11114756266276042,0.09659361839294434,73875.9970703125,-7.345364920210326E-25,286.84778785705566
1998-07-23,32.045479,77.032545,287.4008617401123,0.014163154363529884,0.0,0.07867431640625,0.21698852380116782,71694.23046875,-7.345364920210326E-25,285.5334008534749
1971-07-15,31.486804,76.874409,296.75929768880206,0.005324183024754348,0.0,-0.22263209025065103,-0.16265273094177246,88485.77571614583,-7.345364920210326E-25,293.9528160095215
2005-09-22,34.486694,74.784792,281.90919812520343,4.242360591888428E-4,0.0,0.30928881963094074,0.05799023310343424,67829.37744140625,-7.345364920210326E-25,272.0267785390218
2018-01-05,34.409163,74.098664,268.0986073811849,0.0023869830465628183,0.002379797399044037,0.20378812154134116,-0.4932001034418742,76981.69368489583,0.07421080271402995,265.26176198323566
2013-11-10,26.297263,89.025496,294.28857231140137,8.709540679774364E-7,0.0,1.2288265228271484,-0.6997459729512533,100722.04117838542,-7.345364920210326E-25,288.83649190266925
1978-07-15,31.275525,78.1775,282.7099545796712,0.0070971725936601615,0.0,0.13998921712239584,0.04255108038584391,64384.296061197914,-7.345364920210326E-25,281.1317024230957
2007-10-15,32.161103,76.949853,271.908234278361,0.0016037702559401623,1.3475120067596436E-4,-0.19112650553385416,-0.347258726755778,63811.298665364586,8.277098337809245E-5,264.58298365275067
1963-09-15,31.951627,77.328032,280.0271905263265,0.026411849260284725,0.007406663149595261,-0.17480341593424478,-0.10356303056081136,65968.3955078125,0.0019642512003580728,276.51490211486816
1979-08-10,32.118442,76.751311,283.4827480316162,0.01127512156962851,0.0,0.0902557373046875,0.15334649880727133,66702.46988932292,-7.345364920210326E-25,282.5249900817871
2018-07-16,32.026754,77.366163,281.30102348327637,0.026945741797021583,5.035102367401123E-5,-0.24602254231770834,-0.04488035043080648,61915.768880208336,1.8636385599772137E-5,280.3732210795085
2004-08-08,31.995807,77.448293,281.55651728312176,0.008274063467979431,1.3221241533756256E-4,0.4275976816813151,0.24192063013712564,63138.122233072914,7.03732172648112E-5,280.7198607126872
2017-03-11,28.840926,83.059938,260.99090512593585,0.0045088782860602805,0.004504580050706863,0.062027414639790855,0.8229185740152994,59333.669596354164,0.05834647019704183,259.3854732513428
1973-07-05,33.325154,72.822979,299.0762468973796,0.032246015638349945,0.0,-2.1101805369059243,0.4727458953857422,95031.88020833333,-7.345364920210326E-25,296.5559202829997
1972-04-12,29.143692,85.095315,267.5559361775716,8.825898170421453E-4,7.803142070770264E-4,1.0816504160563152,0.5627355972925822,57222.350911458336,0.001974383989969889,260.2716751098633
1976-09-15,32.185594,77.199163,279.8048216501872,0.003131541609661781,3.993511199951172E-5,-0.25724740823109943,-0.3489034175872803,69069.60237630208,9.254614512125651E-5,277.3847465515137
1992-08-15,32.339611,77.437734,278.59680557250977,2.790952811437819E-4,4.3157488107681274E-5,0.09126726786295573,-0.05616851647694906,57933.061360677086,6.101264595985413,275.9666379292806
1978-12-07,27.463801,73.976389,289.2951310475667,2.1383139028330334E-6,0.0,-1.150739034016927,-1.1322060426076253,98288.36100260417,-7.345364920210326E-25,277.0986525217692
1996-01-16,26.310097,83.230559,288.7949975331624,0.012303877375813954,0.0,-1.5951135953267415,-0.4674432675043742,100541.0927734375,-7.345364920210326E-25,287.2929515838623
2020-05-23,31.360256,78.330938,269.7375011444092,4.798322916030884E-4,4.33310866355896E-4,-0.4023424784342448,-0.050912698109944664,58145.535319010414,0.6877994537353516,267.26772753397626
1992-01-18,32.608729,82.730093,259.036184946696,1.2814997489840607E-6,0.0,0.9878864288330078,0.06732114156087239,57471.969563802086,0.00406034787495931,245.69679959615073
2024-08-23,28.689363,83.59783,281.927308400472,0.010676862497234652,3.920309245586395E-5,0.1834112803141276,0.47591280937194824,62821.475748697914,0.6806119283040365,281.36243057250977
1984-08-15,31.915674,77.126046,290.05787658691406,0.02148964703076217,0.0,0.14157867431640625,0.11032748222351074,76290.15266927083,-7.345364920210326E-25,288.5547281901042
2002-07-15,32.271762,77.18089,283.83420435587567,0.0066682443322569895,7.517635822296143E-6,0.019791920979817707,0.10982831319173177,67024.07242838542,4.2120615641276044E-6,281.73878479003906
1987-03-15,28.796038,83.815885,264.0896479288737,6.642937478318345E-6,4.827976226806641E-6,-0.5001436869303385,-0.34122955799102783,57060.41064453125,0.13798069953918457,252.57865397135416
2009-07-17,34.02,82.25,281.9332930246989,8.52346317969932E-7,0.0,1.4880765279134114,-0.07325224081675212,54127.526041666664,-7.345364920210326E-25,260.0774040222168
2006-07-15,32.248596,77.190601,284.6952730814616,1.0074079036570538E-4,6.377696990966797E-6,-0.10592969258626302,0.32751794656117755,66904.20458984375,1.2576580047607422E-4,280.623327255249
1977-08-15,31.964196,77.107479,289.8189220428467,0.024588570293246903,0.0,0.2085723876953125,0.21804400285085043,76316.89046223958,-7.345364920210326E-25,288.1404209136963
2002-08-20,31.8465,77.160003,289.92748769124347,0.004886548080914821,0.0,-0.030503590901692707,0.06698381900787354,77765.248046875,-7.27919033709973E-25,287.1631336212158
2019-03-15,28.1103,86.801724,256.56417020161945,1.7487603764720916E-4,1.7097964882850647E-4,0.8812592824300131,1.8247355222702026,52147.784342447914,0.09134578704833984,247.628688176473
2018-08-10,32.125092,77.450705,277.7063045501709,5.829334259033203E-4,1.2580305337905884E-5,-0.1255772908528646,-0.15534778436024985,57557.926106770836,5.449131369590759,276.3269799550374
2019-04-15,28.217826,85.517401,266.3441352844238,2.9861927032470703E-5,1.1067837476730347E-5,-0.3751290639241536,-0.5943035284678141,56009.168782552086,0.31012411912282306,262.8926200866699
2007-11-15,28.215008,85.526744,264.3288033803304,1.430511474609375E-6,5.550682544708252E-7,-0.39027976989746094,-0.3609054883321126,55913.576334635414,0.004739205042521159,255.57948366800943
1987-07-15,31.731716,77.371254,288.5124702453613,0.0019143875993563597,2.407282590866089E-5,0.42904027303059894,-0.0245055357615153,72602.59261067708,1.1086463928222656E-5,283.03948402404785
1980-08-15,31.831018,77.398317,284.79742368062335,0.0011641919612834783,3.129243850708008E-7,0.18752161661783853,0.006046891212463379,68839.12239583333,1.3510386149088542E-6,280.83276494344074
1969-08-27,31.791263,85.172011,278.2314847310384,9.617447852861005E-4,5.338527262210846E-5,0.7717666625976562,0.1495507558186849,55957.262858072914,4.459222157796224E-4,274.2950261433919
1956-08-23,28.81523,83.774003,281.059419631958,0.0033754289149214856,8.40499997138977E-5,0.28692372639973956,0.7919648090998331,62699.316569010414,8.805195490519205E-4,280.2437089284261
1969-01-26,28.924824,78.344402,291.71307436625165,0.0,0.0,-3.125464757283529,1.7916247049967449,98077.78597005208,-7.345364920210326E-25,282.92581876118976
1951-07-15,32.250774,76.896811,274.02184867858887,0.005590958551351832,2.748146653175354E-5,-0.1659704844156901,-0.5450410842895508,60292.87255859375,0.4279665946960449,271.59865697224933
2014-02-20,28.706789,89.868064,267.03965759277344,6.42985104377658E-5,5.9295445680618286E-5,1.3977954785029094,1.3498857021331787,56929.79150390625,0.0010949373245239258,258.71693992614746
1990-07-26,31.508428,77.15604,291.2229639689128,0.024684086441993713,0.0,0.38552359739939374,0.03246116638183594,76799.95930989583,-7.345364920210326E-25,289.8962262471517
2012-05-02,26.076656,84.312486,304.4229113260905,8.52346317969932E-7,0.0,1.2548739115397136,-0.7289244731267294,99563.0654296875,-7.345364920210326E-25,280.79428418477374
1967-08-16,32.058827,77.134856,287.4681091308594,0.039146290608869094,0.0,-0.0771039326985677,-0.028787891070048015,72578.94596354167,-7.345364920210326E-25,286.0535202026367
1998-07-03,26.9114,73.738308,302.92631848653156,0.0049209654330866215,0.0,0.6953512827555338,1.276381293932597,96092.62858072917,-7.345364920210326E-25,297.68860308329266
2009-06-15,32.119601,77.167443,280.17983118693036,0.004925325512886047,8.801855146884918E-4,-0.32548077901204425,-0.2807118892669678,69489.13248697917,0.1586514711380005,276.60410499572754
1972-06-27,29.550064,75.190718,304.4138469696045,0.010709443907217064,0.0,-2.72053591410319,0.7252082824707031,97680.52897135417,-7.345364920210326E-25,297.11993471781415
1954-07-15,31.962323,77.115693,289.6841576894124,0.016079445345383192,2.723187208175659E-6,-0.09556897481282552,-0.01825428009033203,76248.20589192708,1.2715657552083333E-6,288.0095850626628
1983-09-23,28.021848,73.088171,305.9569892883301,8.912384237191873E-5,0.0,0.2508799235026042,0.17123850186665854,98074.80485026042,-7.345364920210326E-25,290.99601491292316
1969-03-15,30.297817,88.456902,271.0484250386556,8.52346317969932E-7,0.0,1.0950177510579426,-1.2117719650268555,54730.115397135414,1.1364618937174479E-5,245.10247039794922
1985-09-12,32.144268,85.263794,280.84912554423016,3.365512266100268E-4,9.8448246717453E-5,2.2080230712890625,0.4369346300760905,56934.007161458336,1.5417734781901043E-5,269.20346514383954
1992-09-15,31.962323,77.115693,286.0409342447917,0.002746152877705299,9.898096323013306E-6,-0.07666269938151042,-0.09459006786346436,76692.99397786458,1.5497207641601562E-5,282.50384012858075
1972-07-26,31.756131,77.396996,288.2545617421468,0.0028100728988533774,6.146728992462158E-7,0.49359750747680664,-0.23232142130533853,71914.03352864583,-7.345364920210326E-25,285.13043149312335
1967-09-15,31.639725,76.901879,293.67007001241046,0.007759234309105523,0.0,0.06569925944010417,0.09514776865641277,85350.0771484375,-7.345364920210326E-25,291.66319783528644
2016-12-27,33.127732,89.784018,259.8462454477946,1.0943412689812249E-5,9.663403034210205E-6,4.981910069783528,0.9490362405776978,55239.472819010414,2.2915999094645181E-4,242.06495475769043
1954-07-15,32.014849,77.001954,286.7730248769124,0.014470537168961073,1.1641532182693481E-6,-0.1286907196044922,-0.049789110819498696,71595.78922526042,5.563100179036459E-7,285.5663884480794
2019-02-15,28.591301,84.14375,264.35754267374676,0.008708137273686134,0.008694514632225037,0.03193092346191406,-0.05706381797790527,61237.613444010414,0.38217997550964355,261.58936309814453
2001-08-15,32.311159,77.171011,281.358195622762,0.006342113018035889,3.430992364883423E-6,-0.007541656494140625,0.20681381225585938,63641.959798177086,4.8414866129557293E-4,280.32124519348145
1955-04-11,30.795609,81.87738,258.55370330810547,2.106483903503431E-4,2.047307789325714E-4,-0.06541887919108073,0.5550084908803304,54149.099283854164,0.04685505231221517,255.45344034830728
1987-07-15,28.688387,83.543016,281.477476755778,0.004750659719832129,0.0,0.21090062459309897,0.38727831840515137,61744.675944010414,0.6806011199951172,279.78085772196454
1968-06-10,27.627781,76.585125,308.1532624562581,0.0014463901519725653,0.0,0.13894081115722656,0.1339641809463501,95842.52294921875,-7.345364920210326E-25,293.321496963501
2016-01-30,34.26079,74.655273,274.2660783131917,0.01278394758696777,0.007805075496435165,-0.1120684544245402,-0.14204915364583334,79816.56917317708,0.11721495787302653,269.9861602783203
2014-07-25,32.540254,76.908143,281.4520257314046,7.984723515050973E-4,0.0,0.1256249745686849,-0.09563624858856201,61490.752278645836,0.17328210671742758,278.85801060994464
1962-02-11,34.301689,84.011271,261.09156163533527,2.058145935848188E-4,2.0372867584228516E-4,5.901325225830078,3.542314092318217,54692.6484375,0.003808736801147461,249.44407844543457
1995-07-01,31.841997,77.117588,291.11155637105304,0.0040163588469113165,1.4901161193847656E-7,-0.016890207926432293,-0.027796347935994465,76937.51920572917,-7.345364920210326E-25,286.4524116516113
1950-10-16,31.964196,77.107479,281.75704193115234,0.002786055658020814,2.331659197807312E-4,-0.40201695760091144,-0.27916912237803143,76777.11295572917,0.002440373102823893,276.6949685414632
1969-10-08,34.16438,88.264234,263.0699354807536,2.1561980304340977E-5,2.0703300833702087E-5,0.6036605834960938,-2.2878801425298056,55568.597493489586,0.0043477217356363935,257.05227279663086
1978-08-14,31.765997,76.881046,294.6584873199463,0.0013405263424246527,0.0,0.0043172041575113935,-0.20366326967875162,84134.513671875,-7.345364920210326E-25,291.0007260640462
1999-07-15,27.982441,86.88153,272.91970507303876,0.0022046297787596814,9.83957201242447E-4,0.22579451402028403,0.4071542024612427,50505.316731770836,7.99919060866038,271.3170159657796
1983-07-15,28.688387,83.543016,282.71740976969403,0.006052988767521583,0.0,0.3189818064371745,0.2620069980621338,61769.948079427086,0.6806011199951172,280.67660967508954
1979-07-15,31.95113,77.111019,289.8571122487386,0.003757724443232746,1.7881393432617188E-7,0.06850496927897136,0.06574948628743489,76479.48274739583,-7.345364920210326E-25,287.3134282430013
2009-02-14,27.008336,78.908162,292.8432807922363,1.7120052007157938E-6,0.0,0.7139765421549479,-0.8652242024739584,99456.89957682292,-7.345364920210326E-25,285.90772438049316
2008-07-15,29.43017,83.095098,279.6893850962321,0.001508640186386856,7.148832082748413E-6,0.8166885375976562,0.4407711823781331,58088.75,1.4237562815348306E-4,276.6490186055501
1999-04-04,27.376775,88.763713,276.4833647410075,9.575784197295434E-4,2.3110583424568176E-4,0.3540552457173665,-0.3875385522842407,64068.0791015625,2.14536984761556E-4,269.95720354715985
1972-07-19,33.284991,82.28507,284.344046274821,1.7106532936850272E-6,0.0,3.8567866881688437,1.6493271589279175,54382.38232421875,-7.345364920210326E-25,262.2730312347412
1995-11-12,27.912404,86.683499,260.6686331431071,6.696581806409085E-6,1.2740492820739746E-6,-0.37631670633951825,-1.054592768351237,55219.0693359375,5.102988044420878,253.86117553710938
1978-04-27,29.105506,74.725529,304.68636957804364,8.52346317969932E-7,0.0,-0.020444234212239582,-1.1653912862141926,98104.96370442708,-7.345364920210326E-25,282.14361063639325
1994-08-09,32.094302,77.088592,287.44482549031574,0.0394326329230239,0.0,0.26210276285807294,0.3414967854817708,71596.18326822917,-7.345364920210326E-25,286.7127291361491
1988-06-16,27.906889,80.342986,305.335501352946,5.616651162654307E-5,0.0,1.5194098154703777,-0.5523059368133545,98088.54410807292,-7.345364920210326E-25,290.4999256134033
2023-05-02,29.778079,81.246683,273.73865127563477,0.013836967945053402,0.008967377245426178,-0.05902226765950521,0.41448259353637695,65932.46305338542,0.07342580954233806,272.54168701171875
1966-11-19,33.395843,79.175117,262.90462493896484,3.796815872192383E-5,3.711506724357605E-5,0.9832776387532552,0.3892480532328288,55832.603841145836,5.754232406616211E-4,248.25079154968262
1961-02-08,26.777279,76.503824,282.76642990112305,2.1517271306947805E-6,0.0,0.8146953582763672,-1.5097907781600952,97967.5888671875,-7.345364920210326E-25,273.9121678670247
1982-12-23,29.735454,74.360131,287.18001492818195,5.959918780717999E-9,0.0,1.5482935110727947,-1.3241411050160725,99227.28938802083,-7.345364920210326E-25,276.5262928009033
1997-07-03,33.872315,73.034296,301.06857681274414,4.4414853164198576E-6,0.0,0.18730290730794272,-0.6970221201578776,89723.49186197917,-7.345364920210326E-25,290.82033284505206
1982-11-06,34.260206,74.549911,281.89482434590656,2.416968243323936E-6,1.430511474609375E-6,-0.15697097778320312,-0.7335592905680338,81066.708984375,1.8986066182454428E-4,271.139368057251
1993-11-04,29.665958,82.001997,278.4788417816162,0.0029400229453813154,6.3304603099823E-4,0.252316157023112,0.28257278601328534,69028.95524088542,3.9899349212646484E-4,274.1437352498372
2021-04-23,30.822323,79.966271,260.8703962961833,0.010313629037511873,0.010258417576551437,-0.2434075673421224,2.040629784266154,55275.999186197914,0.14923528830210367,258.0007502237956
1978-08-16,32.367629,76.81925,278.3130187988281,0.005962887406344208,0.0,0.047037760416666664,-0.11057790120442708,58926.1513671875,2.7098512649536133,276.35225041707355
1992-07-23,31.54047,77.220182,289.55686887105304,0.018964638913132603,0.0,0.12269083658854167,0.13871928056081137,75228.64713541667,-7.345364920210326E-25,288.05872599283856
2018-09-15,34.023634,82.458854,272.5310401916504,3.5648941993216E-4,1.2932345271110535E-4,0.9843705495198568,1.3477067947387695,55185.3388671875,0.004584074020385742,265.5120798746745
1996-09-22,32.650336,77.660073,269.60571479797363,6.0051679611206055E-6,5.8747828006744385E-6,0.4034614562988281,0.7280046145121256,54159.13232421875,6.342927614847819,261.3594328562419
2002-08-14,31.523262,79.66318,284.85355440775555,0.002816420793465113,4.507601261138916E-7,-0.11637433369954427,-0.23264439900716147,62033.3828125,2.0543734232584637E-5,279.45680173238117
1978-08-16,32.212825,77.187293,283.9672342936198,0.008608365058893952,5.699694156646729E-7,0.02587890625,-0.06895192464192708,66917.2763671875,3.1391779581705728E-6,281.83727645874023
1992-01-10,31.730973,81.25341,255.7687962849935,2.3299455642700195E-4,2.2931769490242004E-4,0.8776950836181641,4.22576904296875,53375.91259765625,0.0030677318572998047,242.40329615275064
1987-04-16,32.005275,79.693846,261.2021903991699,3.868199200951494E-6,0.0,0.7806962331136068,-0.3083961009979248,55496.314127604164,0.016212979952494305,248.93922996520996
1998-09-23,31.962323,77.115693,286.50306510925293,0.011469483375549316,0.001113247126340866,-0.3754158020019531,-0.4825860659281413,76884.55322265625,8.599758148193359E-4,284.03147379557294
2011-12-01,33.428168,81.630335,266.74369557698566,8.70227722771233E-7,0.0,-0.028115034103393555,1.142037073771159,53717.407552083336,4.0411949157714844E-5,246.63046264648438
1951-01-04,32.454693,84.376678,250.4393742879232,6.362199782827815E-5,5.793571472167969E-5,-0.7499586741129557,0.5188585122426351,55431.345703125,0.010978182156880697,247.10870043436685
1958-01-12,28.513385,81.162352,288.2071927388509,4.351138045421976E-7,0.0,-0.27598031361897785,-0.6337002118428549,97883.41259765625,-7.345364920210326E-25,284.04684321085614
1966-09-15,31.963326,77.11532,287.69214185078937,0.01793232858170768,1.2628734111785889E-6,-0.030550638834635418,0.01709457238515218,76800.62874348958,1.0728836059570312E-6,285.96399625142413
2015-04-17,34.442749,89.050237,265.17284393310547,0.002828913926975929,0.002747315913438797,1.7384408315022786,-2.336201469103495,55408.673014322914,0.004494190216064453,260.7436993916829
2014-08-02,28.919473,83.822838,284.9686991373698,0.004733431339161598,0.0,0.49206288655598956,1.017133076985677,62218.267252604164,2.1338462829589844E-5,282.2472457885742
1978-01-15,27.982304,85.272362,279.96188227335614,4.0841483667009015E-5,3.256276249885559E-5,0.18726782004038492,-0.24171002705891928,79623.16910807292,3.801981608072917E-4,274.040314356486
2017-06-01,29.85797,80.938675,273.5133762359619,0.0030776381491932625,3.2529234886169434E-4,-0.032901763916015625,0.1053692897160848,58945.104329427086,0.0012210607528686523,271.52228291829425
2016-03-24,32.482434,78.654778,260.395232518514,7.872761939324846E-4,7.829926908016205E-4,0.4614988962809245,0.1961445411046346,56502.66259765625,0.06954248746236165,254.64597447713217
2018-08-15,32.011984,77.286544,284.32217343648273,0.002361221262503932,0.0,-0.13981501261393228,-0.00986174742380778,67751.10872395833,3.1757354736328125E-4,281.49136288960773
1992-12-22,29.443821,80.375516,284.0299301147461,1.704692635939864E-6,0.0,0.06347310543060303,-0.057024518648783364,85548.78971354167,-7.345364920210326E-25,278.07347043355304
2017-09-10,32.059168,77.135279,285.72532590230304,0.01155659556388855,2.5492161512374878E-5,-0.11713345845540364,-0.08498700459798177,73580.84456380208,5.563100179036458E-6,283.05617078145343
2010-08-23,31.979822,77.135871,289.7648811340332,0.007253109958469395,0.0,0.0522607167561849,0.031782190004984535,76776.00048828125,-7.345364920210326E-25,287.82645416259766
2019-08-16,31.963965,77.115858,290.41235160827637,0.021769323945040497,0.0,-0.012417475382486979,0.04972966512044271,76894.29475911458,-7.345364920210326E-25,288.25205993652344
1984-07-16,31.885391,77.337003,285.08413314819336,0.011383560299691453,0.0,0.07530784606933594,0.08919652303059895,68561.12255859375,-7.345364920210326E-25,283.5595448811849
2003-10-11,32.811559,80.204169,263.27447573343915,8.583068797918258E-7,0.0,2.1309820810953775,2.304774800936381,51365.012858072914,1.231829325358073E-6,246.11139106750488
1994-03-11,30.098666,80.800212,265.11651611328125,8.024424313362033E-4,7.327049970626831E-4,-0.5390822092692057,-0.603613535563151,64082.66552734375,0.2647445599238078,260.04052861531574
2002-06-01,30.239301,80.793336,270.4346466064453,8.139193056990734E-4,2.561323344707489E-4,-0.008610407511393229,0.1251216729482015,56167.036783854164,0.3500206470489502,268.1560223897298
2024-11-09,31.519155,75.454464,296.3377456665039,4.6193599700927734E-7,0.0,-0.40651293595631915,-0.697954535484314,98519.91731770833,-7.345364920210326E-25,290.9780502319336
2017-03-11,29.07739,82.44277,267.3518263498942,0.004532988364871926,0.004404492676258087,0.07392927010854085,0.3699970245361328,66005.79459635417,0.06132288773854574,265.6465409596761
2016-07-15,29.43017,83.095098,281.40747261047363,0.004695296287536621,0.0,0.91168212890625,1.0484530131022136,58285.94873046875,2.4278958638509113E-5,279.4018249511719
1966-03-07,27.704672,88.407818,267.89603996276855,0.01915880441665152,0.01874428242444992,-0.1491266886393229,0.9106074571609497,59576.394368489586,10.0,267.4650192260742
1968-01-27,26.283365,79.336693,288.51087951660156,4.70013054609808E-5,0.0,-3.1581492821375527,0.22176488240559897,99552.77473958333,-7.345364920210326E-25,281.82656542460126
1983-02-25,29.764828,72.488087,288.69666417439777,2.5736708835211175E-6,0.0,0.03030073642730713,-2.5282188653945923,100039.27766927083,-7.345364920210326E-25,280.3305028279622
1998-09-15,32.185594,77.199163,282.19348017374676,0.0021360963582992554,4.482269287109375E-5,-0.10828781127929688,-0.27661017576853436,69145.6591796875,2.0857652028401694E-4,278.7002760569255
1984-03-28,34.095994,74.035038,280.86462783813477,2.452321030546045E-4,0.0,-0.06981913248697917,-0.39814817905426025,78669.03352864583,0.26065270105997723,270.84866523742676
1977-05-21,32.195884,77.451367,264.8963031768799,6.920099258422852E-5,6.454251706600189E-5,-0.37408701578776044,-0.46473272641499835,57913.715657552086,5.654935956001282,261.6007607777913
1994-07-18,31.89851,77.148252,290.8652801513672,0.06883966624729965,0.0,0.08756573994954427,0.19398915767669678,77246.63720703125,-7.345364920210326E-25,289.97642008463544
2018-09-23,31.962323,77.115693,285.959513982137,0.09021706341081881,0.006489858031272888,-0.30124155680338544,-0.5099764664967855,77412.89973958333,0.004990140597025554,284.1164830525716
1994-08-22,32.001838,77.233118,285.5332202911377,0.04900797009457847,0.0,-0.003947695096333821,0.1786041259765625,67701.13525390625,-7.345364920210326E-25,284.3566385904948
1985-10-16,32.362087,77.281389,263.2593250274658,0.0019534372992779936,0.0017680730670690536,-0.6838767925898234,-0.20846660931905112,60069.75830078125,0.0371779998143514,260.4550774892171
2005-03-11,29.07739,82.44277,269.70677121480304,0.004488328099171213,0.004239868372678757,-0.09394518534342448,-0.19726880391438803,66532.58512369792,0.22489972909291586,267.71765454610187
1977-10-15,32.094957,77.121603,279.4922790527344,0.008112235884652819,0.0027290619909763336,-0.02497418721516927,-0.302889347076416,73061.42838541667,0.001841584841410319,275.00526936848956
1951-08-14,33.239771,83.397901,279.4658266703288,0.009646061062710487,5.900859832763672E-6,-0.15156237284342447,-0.7414276599884033,54655.383951822914,6.834665934244792E-5,276.06189854939777
1977-03-11,26.373398,79.784879,298.0767771402995,2.136116961537482E-6,0.0,1.7097949981689453,-1.5633392333984375,99459.71142578125,-7.345364920210326E-25,281.47029240926105
1984-07-11,31.681367,77.130897,291.17674255371094,0.007888893711424316,0.0,-0.006885965665181478,0.05773611863454183,80634.61376953125,-7.345364920210326E-25,288.98063532511395
1991-09-02,31.785085,76.75798,294.7232805887858,0.0021511339700737153,0.0,0.2520300547281901,0.0675277312596639,87257.09423828125,-7.345364920210326E-25,292.422638575236
2000-01-22,26.670475,73.971559,291.94816462198895,7.140636341773643E-6,0.0,0.8170140584309896,-0.1844507853190104,97695.89485677083,-7.345364920210326E-25,283.71042823791504
1953-04-09,26.403496,86.490202,300.8662643432617,4.4673979272147335E-4,0.0,-2.8716608683268228,0.5668387413024902,99727.69026692708,-7.345364920210326E-25,292.04552332560223
1950-04-23,30.903921,80.156283,260.6339912414551,6.908178329467773E-5,6.550177931785583E-5,-0.6862862904866537,1.0990092356999714,57719.228352864586,0.1551283597946167,255.8166936238607
2007-03-19,32.578084,77.033034,265.7913354237874,0.02439446747303009,0.024356458336114883,-0.6260541280110677,0.22006352742513022,61363.1123046875,0.7044852574666342,263.08883412679035
1954-04-19,34.399828,72.124014,295.0710570017497,0.0018540620803833008,0.0,0.2741315762201945,-1.1521697839101155,94157.66829427083,-7.345364920210326E-25,284.8131745656331
1974-08-15,31.964866,77.508391,276.24094835917157,0.001892584562256161,6.513260304927826E-4,0.16171042124430338,0.039051055908203125,60928.623697916664,6.999528845151265,274.65322240193683
2000-07-19,32.955175,81.231035,281.7590249379476,0.006181687116622925,2.682209014892578E-7,-0.9653956095377604,0.06549708048502605,56282.763997395836,-7.345364920210326E-25,278.7964897155762
2023-09-26,28.601824,84.621013,276.44623311360675,0.001596653461451325,9.03010368347168E-5,0.19976234436035156,0.5596588850021362,58569.38330078125,5.232890446980795E-4,273.8476810455322
1986-07-02,32.310391,77.158178,276.27328364054364,0.0015503257509408286,2.3866817355155945E-4,-0.37333933512369794,-0.37450993061065674,63382.795572916664,1.0624899864196777,273.8887087504069
1976-06-22,27.510359,80.392202,303.59900093078613,0.0,0.0,2.688004811604818,-1.0266178846359253,98183.98942057292,-7.345364920210326E-25,295.1000175476074
1990-08-11,32.038206,76.857127,284.89911969502765,0.011297717690467834,0.0,0.20631027221679688,0.22868863741556802,67951.0556640625,-7.345364920210326E-25,283.67937024434406
1952-08-10,29.848109,87.732329,279.14986928304035,0.009258270263671875,5.92842698097229E-4,0.5931243896484375,1.0451664924621582,55100.387532552086,2.8578440348307293E-4,276.13597170511883
1991-12-13,28.353162,75.051689,292.7742226918538,4.5299526618691743E-7,0.0,0.29700028896331787,-0.7684464454650879,98764.84993489583,-7.345364920210326E-25,283.2558701833089
1994-09-26,28.601824,84.621013,276.5878314971924,3.4422266980982386E-4,3.4794211387634277E-6,0.3313121795654297,0.47184185187021893,58728.532063802086,2.7418136596679688E-6,272.86431312561035
1950-05-12,34.346073,82.602507,271.59086418151855,8.895173891687591E-4,2.5940313935279846E-4,0.42113304138183594,-0.9987414280573527,52938.241048177086,8.960962295532227E-4,264.1875368754069
2008-07-15,31.915674,77.126046,290.00180371602374,0.008229257599907669,0.0,0.2044245402018229,0.2713375886281331,76648.70833333333,-7.345364920210326E-25,287.9991976420085
2019-01-10,32.694317,88.707254,253.6841106414795,3.6936030483047944E-6,2.391636371612549E-6,2.43760617574056,0.28760019938151044,54384.956868489586,0.0030246973037719727,239.2878074645996
1995-07-26,31.844661,77.249716,288.86173756917316,0.008483865588004846,0.0,-0.11073939005533855,0.16045836607615152,73431.89534505208,-7.345364920210326E-25,285.6035321553548
1984-02-22,34.03179,74.359307,265.3956604003906,1.7110589124058606E-4,1.6890093684196472E-4,0.7566406726837158,0.4178531567255656,76842.95361328125,0.3857962687810262,259.15681648254395
2018-10-12,28.665882,83.300291,268.84021250406903,0.0019917964934279553,7.930397987365723E-4,0.3426920572916667,-0.1545886993408203,57006.798014322914,7.57443352540334,265.5517114003499
1972-08-05,31.660432,77.428593,285.60698954264325,0.02222523689266609,5.866587162017822E-5,0.23768170674641928,0.04285637537638346,68378.20947265625,2.7815500895182293E-5,284.9776357014974
1981-07-15,32.271762,77.18089,282.6100031534831,0.011633748752103656,4.5709311962127686E-6,-0.10025723775227864,-0.3241663376490275,66633.02864583333,9.338061014811197E-6,281.2581246693929
1952-06-20,32.372268,77.455179,269.87985547383624,3.8236379573675094E-6,1.7918646335601807E-6,-0.7492256164550781,-0.49463053544362384,57933.82421875,6.250935435295105,267.0341332753499
1969-01-22,32.788392,78.774031,250.6487248738607,4.0730113823883585E-6,1.9334256649017334E-6,0.7369880676269531,1.179974873860677,54208.553548177086,0.01790471871693929,242.94717152913412
1956-01-21,26.492645,88.187519,288.8596331278483,4.351138045421976E-7,0.0,0.7791881561279297,-0.53094482421875,99386.81461588542,-7.345364920210326E-25,278.47988001505536
2019-08-07,32.120295,77.147656,286.1577504475911,0.01530242780233948,3.05958092212677E-5,0.04596900939941406,0.03753391901652018,69307.52164713542,6.5962473551432294E-6,284.4628823598226
2005-07-12,28.678988,72.543242,309.45783551534015,3.901958465561961E-4,0.0,3.536844253540039,3.1218631664911904,98338.97395833333,-7.345364920210326E-25,293.32362683614093
2020-07-11,32.217764,77.191933,282.7862269083659,0.008487853407757484,0.0,0.08565775553385417,0.1576326290766398,66116.9609375,0.045400023460388184,280.91160265604657
1980-07-15,32.094957,77.121603,287.18560155232746,0.013988608121849211,0.0,0.05604998270670573,0.047140280405680336,72589.4833984375,1.712640126546224E-4,285.71331214904785
1965-05-16,26.840102,73.07111,305.2471872965495,0.0021394400147300985,0.0,2.6834500630696616,1.2884061733881633,97159.81184895833,-7.345364920210326E-25,285.5649890899658
1961-06-06,33.60768,75.499545,281.60381444295246,7.317010158089943E-4,0.0,-0.4033514658610026,-0.7147486209869385,68393.29459635417,0.0020720958709716797,275.41254742940265
2018-08-15,31.8465,77.160003,291.2549533843994,0.007253376790572474,0.0,0.04263941446940104,0.05687002340952555,77972.94205729167,5.443890889485677E-6,288.49014218648273
2007-03-01,29.288874,72.147619,290.0089467366536,4.3112039520565304E-5,0.0,-0.04882939656575521,-0.24230511983235678,99658.88883463542,-7.345364920210326E-25,285.1139329274495
1952-06-03,34.40689,76.805245,266.3553835550944,3.764978162621446E-4,7.615238428115845E-5,-0.2744986216227214,-0.7183998028437296,56320.156087239586,0.11005131403605144,262.92824999491376
1994-08-07,32.20413,76.922824,281.42287762959796,0.027984341978935845,0.0,0.21878623962402344,0.11164915561676025,60458.107259114586,2.384185791015625E-7,280.4613609313965
2015-08-15,32.351879,77.415574,276.12916501363117,0.0023990124464035034,1.0428205132484436E-4,0.1467583974202474,0.17334206899007162,57550.679036458336,6.102978030840556,275.2832202911377
1963-08-24,29.770962,80.386434,291.96779441833496,0.012190908193588257,0.0,0.09316698710123698,0.28755688667297363,80992.99169921875,-7.345364920210326E-25,290.31059710184735
1977-06-15,32.119601,77.167443,278.44031143188477,0.005243799521508663,0.0011608153581619263,-0.1028124491373698,-0.1508153279622396,68921.52197265625,0.03478590647379557,275.5162989298503
1985-04-04,27.214705,88.627541,285.1591256459554,0.00131081044662551,0.0,0.23789342244466147,-0.22694305578867593,77584.39078776042,-7.345364920210326E-25,279.9612668355306
1954-02-28,30.767353,79.493052,260.06690470377606,6.704330371576361E-5,2.8561800718307495E-5,0.10520688692728679,-0.7947457631429037,59767.61083984375,3.1049543221791587,247.0479221343994
2003-09-11,31.962323,77.115693,288.9081738789876,0.011424171537214534,0.0,-0.04629834493001302,-0.09891768296559651,76971.49886067708,8.900960286458334E-6,286.92538197835285
1998-07-15,28.688387,83.543016,281.7167561848958,0.00974010229109723,0.0,0.23441187540690103,0.5523516337076823,61901.54345703125,0.6806013186772665,280.8573513031006
1977-07-11,32.183952,76.808142,281.3193073272705,0.009139090009853135,3.155320882797241E-6,-0.029241561889648438,-0.3793284098307292,62689.8896484375,2.384185791015625E-6,279.6426633199056
1995-05-02,32.465457,72.796546,300.55356470743817,0.0,0.0,0.46236101786295575,-1.681531508763631,98973.37613932292,-7.345364920210326E-25,286.1736704508464
1991-08-06,32.094957,77.121603,287.3101355234782,0.007782854928279903,0.0,0.0033992926279703775,0.021382570266723633,72768.52522786458,-7.345364920210326E-25,284.9286028544108
1953-04-08,27.423679,88.366701,280.0032482147217,0.01851021051402313,0.006311550736427307,0.1901849110921224,-0.05742450555165609,72175.58610026042,0.2833010752995809,278.397746404012
1996-10-15,32.291475,76.994706,264.0450903574626,2.5292070461091498E-5,5.256384611129761E-6,-0.35178693135579425,-0.8558837175369263,60263.1259765625,0.0010832945505777996,257.7582429250081
2000-08-22,32.081311,76.810179,284.4868532816569,0.001967960596079621,0.0,0.08865102132161458,0.10637108484903972,68326.52783203125,-7.345364920210326E-25,281.27549934387207
2007-08-12,31.8465,77.160003,291.13591957092285,0.07735774547467145,0.0,0.22428003946940103,0.3362375895182292,77471.09391276042,-7.345364920210326E-25,290.81200917561847
2020-07-15,31.964196,77.107479,291.2818489074707,0.0036481831097034956,0.0,0.13437271118164062,0.0030843416849772134,77134.84423828125,-7.345364920210326E-25,287.7447789510091
1965-06-17,32.598172,84.601298,282.1682484944661,4.410743663640915E-7,1.1175870895385742E-8,2.225340644518534,-0.28423114617665607,56671.416829427086,6.079673767089844E-6,267.04050064086914
1987-07-15,32.155542,77.299767,280.206724802653,0.0024549123205019896,6.15343451499939E-5,0.07882054646809895,0.0227356751759847,64027.88427734375,0.14289093017578125,276.46209144592285
1997-10-16,32.357485,76.807767,265.112101872762,9.754538535844404E-4,4.462786018848419E-4,-0.25136200586954754,-0.24483172098795572,58765.9365234375,2.7151480118433633,261.9642086029053
1957-07-16,31.963965,77.115858,290.2107690175374,0.005510079860641781,1.3783574104309082E-7,-0.05201403299967448,0.13128320376078287,76412.69368489583,-7.345364920210326E-25,287.06066767374676
1951-03-18,31.797879,80.189874,257.16787274678546,2.573311327864758E-4,2.526380121707916E-4,-0.142195463180542,0.716437816619873,56594.192220052086,0.1715298891067505,253.76862780253092
2020-07-15,32.268453,77.179929,283.7329394022624,0.0033688161396412397,6.891787052154541E-8,-0.05784734090169271,0.06611331303914388,66442.80257161458,0.0020937522252400718,281.1284866333008
1999-07-06,27.637746,76.627836,308.4768886566162,1.5572905533645098E-4,0.0,0.7727438608805338,-1.1595581372578938,96625.578125,-7.345364920210326E-25,292.22111320495605
2012-08-07,32.052177,76.846742,285.11742719014484,0.00797894035686042,0.0,0.11562029520670573,-0.0198367436726888,68278.04052734375,-7.345364920210326E-25,283.017297744751
1983-07-18,31.576106,78.174658,282.2094014485677,7.266335151889791E-4,2.3096799850463867E-7,0.26925086975097656,-0.12246195475260417,64995.474446614586,0.0028966267903645835,276.9321486155192
1984-07-16,31.682683,77.040975,293.3974469502767,0.008839693665322557,0.0,0.01923688252766927,0.0782915751139323,83026.83089192708,-7.345364920210326E-25,291.69374084472656
2003-07-15,32.094957,77.121603,288.2408396402995,0.007226563083349902,1.4901161193847656E-8,0.02618853251139323,0.16188466548919678,73347.43961588542,-7.27919033709973E-25,286.32029724121094
1998-07-26,31.89851,77.148252,291.5341110229492,0.004956334829273601,0.0,0.1806004842122396,0.13825249671936035,77417.48746744792,-7.345364920210326E-25,288.7841027577718
1992-07-15,31.66679,77.21275,290.99677022298175,0.003520587973127931,0.0,0.09968630472819011,-0.09021055698394775,78452.14404296875,-7.345364920210326E-25,287.3200403849284
2009-11-13,27.57804,81.5292,296.4367332458496,0.0017550736665725708,0.0,0.27547669410705566,-1.2364901304244995,99877.78336588542,-7.345364920210326E-25,291.42827796936035
1956-07-15,32.339647,77.547046,274.2276789347331,0.0016476665255709122,8.67750495672226E-4,-0.12433433532714844,-0.20125691095987955,58178.58349609375,4.8596978187561035,272.3999271392822
1973-04-23,29.712323,74.238678,305.2341117858887,0.0,0.0,-0.37958526611328125,0.7134629487991333,98085.69140625,-7.345364920210326E-25,280.8699671427409
2018-08-15,32.157987,77.077989,285.6262912750244,0.001293985196639369,0.0,-0.019290924072265625,0.06631012757619222,68607.35872395833,9.417533874511719E-6,282.0784397125244
2018-07-20,31.575509,77.482167,287.86720848083496,0.01556985378255149,0.0,-3.865559895833333E-4,0.05571873982747396,71034.19986979167,-7.345364920210326E-25,285.5341606140137
1998-10-16,32.022197,77.127349,278.6395886739095,0.07418426871299744,0.029936105012893677,-0.2856362660725911,-0.5816665490468343,72890.97412109375,0.013276815414428711,277.7516574859619
2016-09-15,34,82.265,275.3729705810547,3.5703182220458984E-5,3.5565346479415894E-5,1.2071698506673176,0.678884744644165,53955.780436197914,6.703535715738933E-5,263.954142888387
2022-06-02,29.641032,81.074734,283.48240725199383,3.490835428188177E-4,6.313621997833252E-5,0.3614660898844401,0.4608882665634155,67507.32405598958,3.03188959757487E-5,274.4860305786133
1967-09-15,31.963326,77.11532,289.07583173116046,0.01247481107702697,3.5427510738372803E-6,0.16193135579427084,0.2176656723022461,76362.03548177083,1.5894571940104166E-7,286.7489725748698
2017-04-23,26.639067,88.685529,296.8415273030599,0.0016839891672084661,0.0,-0.4412689208984375,-0.20241610209147134,97703.65543619792,-7.345364920210326E-25,293.72826766967773
1964-08-15,31.962323,77.115693,290.31672859191895,0.030237916111957475,0.0,0.2931537628173828,0.17181885242462158,76363.904296875,-7.345364920210326E-25,289.4429016113281
1957-11-15,29.650036,83.911137,268.7735875447591,8.59945021858266E-7,0.0,0.6603006521860758,-0.6750691731770834,57383.193359375,1.986821492513021E-7,248.9101187388102
1998-09-04,28.018067,81.52624,300.4172554016113,0.0025805194891859173,0.0,-0.2423884073893229,-0.03014985720316569,98497.38264973958,-7.345364920210326E-25,297.51994132995605
2001-06-12,31.884937,77.153741,290.7361183166504,0.00973235610553047,8.940696716308594E-8,-0.010690053304036459,-0.14117912451426187,77979.29264322917,-7.345364920210326E-25,287.97980308532715
2000-04-04,30.350392,83.480618,262.5694414774577,6.756186473921844E-5,6.45667314529419E-5,0.8524303436279297,0.14303267002105713,55727.5615234375,0.011884490648905436,256.3231964111328
1977-11-12,28.688915,88.356839,263.57116317749023,0.001414290070442803,0.0013493932783603668,1.44950536886851,0.16839472452799478,52810.85546875,0.0027971267700195312,255.27009963989258
1998-10-16,31.964196,77.107479,281.79811731974286,0.0732126384973526,0.019499357789754868,-0.3917153676350911,-0.6015640099843343,76661.97412109375,0.008499781290690104,280.5504856109619
1954-11-17,34.294686,73.611734,281.01152992248535,0.0,0.0,-0.7216175397237142,-0.4087664286295573,81509.16080729167,5.8015187581380206E-6,261.76033147176105
2015-04-25,28.237596,85.498829,271.4397939046224,0.003922584652855221,0.0019601546227931976,-0.16669082641601562,-0.12234747409820557,63398.165690104164,0.38802528381347656,269.3495845794678
1993-09-01,26.918236,80.470127,298.2328230539958,0.02769300043600964,0.0,-3.578502655029297,0.7587393124898275,99004.318359375,-7.345364920210326E-25,296.9568220774333
1996-03-19,32.578084,77.033034,260.716978708903,0.00916793942451477,0.009151455014944077,-0.05035718282063802,0.05863980452219645,60640.52294921875,0.892096201578776,258.61840947469074
1971-07-15,28.688387,83.543016,280.34995524088544,0.006458980955471816,1.9676610827445984E-4,0.1124102274576823,0.4946755568186442,61816.734049479164,0.6807772715886434,278.5944175720215
2024-08-22,32.021075,77.135692,288.05383555094403,0.018562632450311867,0.0,0.10978885491689046,0.2366467316945394,73146.0859375,-7.345364920210326E-25,286.0962193806966
1954-02-09,29.254017,82.54832,253.1304194132487,7.492876989090291E-6,4.772096872329712E-6,-0.9548772176106771,-0.9127723375956217,57353.519368489586,0.2679059108098348,247.62481435139975
1951-07-15,31.964196,77.107479,288.95763969421387,0.0017293524302885999,2.1383166313171387E-6,-0.16739463806152344,-0.3159151077270508,76528.24755859375,2.3444493611653647E-6,283.378360748291
1985-07-15,31.962323,77.115693,289.5010280609131,0.019281286001103126,0.0,0.1041272481282552,0.18697166442871094,76391.44352213542,3.7749608357747397E-6,288.4721457163493
1997-02-28,32.239397,77.510172,255.93399238586426,2.581208943297497E-4,2.5483593344688416E-4,-0.26193682352701825,-0.21431303024291992,56958.2373046875,3.7642911275227866,246.22944768269858
1986-03-16,33.883107,81.377979,258.4563337961833,2.5618076278988156E-5,2.3767352104187012E-5,3.1606197357177734,1.4957082271575928,54020.199544270836,0.0023254950841267905,243.66912778218588
1986-09-15,31.695016,77.37142,284.5800921122233,0.005415195226646574,8.486583828926086E-5,-0.11859575907389323,-0.18802420298258463,75022.6455078125,6.612141927083333E-5,280.8903096516927
2002-07-15,31.915674,77.126046,290.69895044962567,0.010375042289677339,0.0,0.19357935587565103,0.3297583262125651,76801.11409505208,-7.27919033709973E-25,288.16179911295575
1951-11-06,30.962111,82.349671,259.3280715942383,8.150935173034668E-6,7.29784369468689E-6,0.2599302927652995,2.079804261525472,52389.852376302086,0.003943165143330892,253.43854077657065
2021-08-02,32.117314,77.14719,285.59066645304364,0.007907414479053188,0.0,-0.015197118123372396,0.060912648836771645,68837.80452473958,-7.345364920210326E-25,283.8754997253418
1951-10-28,32.58572,77.515592,262.08075586954754,0.0024843454360912176,0.0024795904755592346,-0.15896097819010416,0.3611920674641927,55416.691731770836,6.819202264149983,257.09873390197754
2019-01-12,34.015008,80.719269,255.50058364868164,3.236532211303711E-4,3.210976719856262E-4,0.3840262095133464,1.7586911519368489,54723.54345703125,0.0027278264363606772,245.37734095255533
1970-07-15,32.001214,76.887798,285.35202089945477,0.01320253312587738,0.0,0.20010693868001303,0.19910995165506998,67607.93001302083,-7.345364920210326E-25,282.86193593343097
1975-01-14,33.225966,76.654699,249.04226430257162,0.005473497509854042,0.005469229072332382,-0.4797484079996745,0.5422433217366537,53774.388834635414,10.0,245.42664337158203
2018-07-18,32.172623,77.179627,286.2475395202637,0.009623929858207703,4.842877388000488E-7,0.08692169189453125,0.1769418716430664,69420.1552734375,4.331270853678386E-6,284.9548346201579
1996-08-04,32.242944,76.772646,283.54584376017254,0.012913739681152947,0.0,0.35321044921875,0.1672523021697998,64988.643880208336,-7.345364920210326E-25,282.65864817301434
2013-06-22,34.036254,81.33966,268.64758110046387,9.066110180810938E-6,7.323920726776123E-6,-0.003360748291015625,-1.5067377885182698,54776.333658854164,0.01568281650543213,264.5108286539714
2017-08-15,29.096998,84.050132,280.58134333292645,0.001661202311481702,4.217028617858887E-6,0.7254098256429037,1.3188329935073853,57297.740071614586,1.1523564656575521E-5,276.5091921488444
1988-02-09,27.080614,78.798205,293.5305582682292,4.410743663640915E-7,0.0,-0.13021039962768555,-0.8987494309743246,99457.78076171875,-7.345364920210326E-25,281.2694288889567
1967-11-15,28.237891,85.536642,262.4031232198079,5.855557860741101E-4,5.792789161205292E-4,-0.060167948404947914,-0.24595669905344644,56431.867838541664,0.004507144292195638,254.2005354563395
2020-11-17,34.397451,73.860665,267.58131345113117,3.872423519624135E-6,0.0,-0.4084560076395671,-0.9234319925308228,75109.447265625,0.08296318848927815,259.1506977081299
1954-08-16,31.694798,77.433448,285.46868260701496,0.010973633069170319,1.0803341865539551E-7,0.23928006490071616,0.07017580668131511,68737.06852213542,3.9855639139811196E-5,284.3269786834717
1976-09-22,32.074357,77.336885,273.68286450703937,0.001080427910835624,2.826247364282608E-4,-0.30035146077473956,-0.369704802831014,62261.237955729164,1.4400482177734375E-4,269.53540356953937
1983-12-05,31.484879,73.257596,288.77698516845703,0.0,0.0,1.6882216135660808,-0.9336936076482137,100013.33089192708,-7.345364920210326E-25,279.35571479797363
1977-08-15,31.876869,77.151737,290.261874516805,0.03214542597180525,0.0,0.2636260986328125,0.18270464738210043,77404.09879557292,-7.345364920210326E-25,288.5117588043213
1998-09-18,32.338436,72.25992,301.67756207784015,1.766324043259715E-4,0.0,0.11403910319010417,-0.4090995788574219,97742.86653645833,-7.345364920210326E-25,294.90941111246747
2011-07-15,32.066258,76.979665,284.49778747558594,0.005544573068618774,0.0,0.016323089599609375,-0.04572296142578125,68274.75520833333,-7.345364920210326E-25,282.2927595774333
2004-10-16,26.771963,84.260004,295.52516237894696,1.7195939108205494E-6,0.0,2.114965875943502,-0.13766924540201822,100180.54020182292,-7.345364920210326E-25,290.3413906097412
2013-03-15,32.759515,76.19334,275.32345326741535,0.0018269905596639546,1.6732141375541687E-4,-0.7934017181396484,-0.48577880859375,78181.19156901042,0.5887957413991293,268.7235584259033
1951-01-17,28.591216,84.208337,263.7576738993327,0.014032334089279175,0.013932839035987854,0.24149092038472494,0.023930867513020832,62073.001139322914,1.331658124923706,261.1034399668376
1971-08-15,31.962323,77.115693,289.5293509165446,0.010211711133706558,0.0,0.17724637190500894,0.28254222869873047,76351.23746744792,-7.345364920210326E-25,287.6267668406169
2021-07-18,32.319699,77.294161,280.4842993418376,6.830811499867195E-4,9.350478649139404E-6,-0.10978126525878906,-0.09220099449157715,60024.943684895836,0.3228686253229777,278.0232963562012
2002-08-23,32.094957,77.121603,287.5549716949463,0.01801445534084678,0.0,0.1547698974609375,0.2534373203913371,73543.79508463542,-7.27919033709973E-25,285.92740122477215
1998-07-15,32.659825,76.98608,279.0832926432292,0.003788876533498353,0.0,0.14993921915690103,0.32070287068684894,57943.54345703125,0.6302442948023478,276.6257432301839
1999-01-02,28.509066,84.961227,257.88503964742023,4.351138045421976E-7,0.0,0.23981539408365884,-1.2025985717773438,58477.858723958336,6.679721434911092,243.31684811909994
2018-07-13,31.205825,87.23403,280.17368507385254,0.010704094080949744,4.284139722585678E-4,1.1626605987548828,0.89615797996521,54359.362141927086,2.580881118774414E-4,276.1214764912923
2014-04-17,29.504795,82.936449,262.6406415303548,0.0017836123703887097,0.0017795488238334656,0.9371541341145834,1.4185593128204346,56701.942708333336,0.18515324592590332,260.61766115824383
1961-12-09,26.139225,86.858228,290.0725574493408,8.760113701100636E-7,0.0,1.4821236928304036,-0.35004234313964844,101034.27799479167,-7.345364920210326E-25,282.1818567911784
1978-05-08,32.45636,77.90649,263.22693634033203,5.0112604185414966E-5,4.509091377258301E-5,0.12244987487792969,-0.6917089621225992,54211.663248697914,0.2474906047185262,259.1188507080078
1989-03-12,31.655044,77.486715,269.27267201741535,5.709027949478696E-4,4.704184830188751E-4,-0.41234683990478516,-0.5577289263407389,68504.91438802083,0.32947949568430585,262.97782135009766
2007-07-15,31.880174,77.150398,291.08242162068683,8.858787149961245E-4,1.1157244443893433E-6,0.0572668711344401,-0.12975911299387613,77651.09195963542,7.152557373046875E-7,286.06747245788574
2005-07-18,31.962323,77.115693,289.85936546325684,0.008907952904621652,0.0,0.1064923604329427,0.028810501098632812,76980.12630208333,-7.345364920210326E-25,287.3468551635742
2021-01-09,28.465885,84.110242,268.3914686838786,2.432499708220348E-4,4.676356911659241E-5,0.16883190472920737,-0.7328187624613444,59309.260904947914,5.664579073588054,258.4892800649007
2001-07-15,32.475331,77.341334,274.8647696177165,0.00911790430535575,0.002023395150899887,0.3562933603922526,0.567473848660787,54474.63525390625,8.937238097190857,273.856990814209
1968-05-03,28.622344,77.952319,306.11842918395996,4.410743663640915E-7,0.0,0.7128982543945312,0.03415242830912272,97272.46744791667,-7.345364920210326E-25,282.73936525980633
1950-08-23,31.775634,76.998895,291.9999256134033,0.004095700451596684,0.0,0.03216361999511719,0.14222498734792074,81907.67057291667,-7.345364920210326E-25,289.64632352193195
1973-11-25,31.64767,88.513857,261.4698479970296,1.0184049597228295E-4,1.0009482502937317E-4,2.275822957356771,0.31059710184733075,58143.02783203125,0.012614289919535318,255.68539492289224
2013-09-07,33.853199,74.393085,283.403107325236,0.001657918095588684,0.0,0.3249066670735677,0.2401886781056722,67989.21728515625,-7.345364920210326E-25,280.2675641377767
2007-04-23,30.822323,79.966271,265.2571900685628,3.19811701672279E-4,2.3489445447921753E-4,0.4730396270751953,0.9651419321695963,55825.502604166664,0.22253910700480142,261.2375710805257
2011-08-07,32.120295,77.147656,285.96911176045734,0.007446432113642487,1.2479722499847412E-7,-0.027525583902994793,-0.046432813008626304,69281.41162109375,2.384185791015625E-7,283.7788543701172
2011-08-12,34.083875,72.062149,299.2461388905843,0.03669943213452953,0.0,-0.28790028889973956,0.11790812015533447,96414.36311848958,-7.345364920210326E-25,296.18662707010907
1965-09-17,33.969258,82.874554,271.8485692342122,2.9712915420532227E-5,2.9284507036209106E-5,0.37619654337565106,-1.9966932932535808,55101.69189453125,1.4499823252360025E-4,256.6480185190837
1998-03-11,30.111834,80.476371,260.0009059906006,0.01603179686446765,0.015787333250045776,-0.25582273801167804,-0.3813519875208537,57770.040852864586,0.6677669684092203,255.5051472981771
1956-08-19,33.126079,73.866322,298.89205169677734,0.0074912041424681775,0.0,0.13812828063964844,0.8662574688593546,93711.42236328125,-7.345364920210326E-25,296.22804896036786
2019-07-15,31.647077,76.896313,294.6180534362793,0.010310083627700806,0.0,-0.017210086186726887,0.20714823404947916,86210.41487630208,-7.345364920210326E-25,292.3201077779134
1986-10-26,29.061116,79.835261,292.5259431203206,4.2319288695580326E-7,0.0,0.014184951782226562,-0.5261189937591553,95319.44938151042,-7.345364920210326E-25,286.6113115946452
1984-02-21,31.528548,78.142533,260.7206726074219,0.0022384375373576404,0.0022297315299510956,0.2824658155441284,0.31970425446828205,64460.380696614586,0.28434300422668457,258.459135055542
1950-10-08,33.729981,76.030484,264.544132232666,1.7845956108430983E-6,5.960464477539063E-8,-0.7413660685221354,-0.06750869750976562,57532.038411458336,5.695965647697449,253.0160255432129
2019-07-15,31.634594,77.049105,293.2559928894043,0.009025812149047852,0.0,0.11147236824035645,0.19327290852864584,83182.58154296875,-7.345364920210326E-25,291.0823148091634
1985-09-01,33.791641,85.304989,278.7224629720052,0.0038109173924567585,7.670745253562927E-5,1.163167953491211,-0.8135832945505778,55695.58056640625,2.5765101114908856E-4,276.262887318929
2010-07-15,32.20636,76.796136,281.1948070526123,0.0028466999529719317,1.0021030902862549E-6,-0.11039352416992188,-0.4586569468180339,65036.2412109375,9.934107462565105E-7,278.7485637664795
1955-04-10,29.963812,75.854295,302.5314242045085,1.288106830088509E-6,0.0,-1.192893346150716,0.16128655274709067,97819.74251302083,-7.345364920210326E-25,268.6864267985026
1956-03-19,32.394691,77.200958,261.6106821695964,0.004051933682603703,0.004047922790050507,-0.5778706868489584,-0.1546193758646647,60128.119303385414,0.8342596689860026,252.47212727864584
1975-01-12,32.052734,78.709278,242.19016774495444,5.100965489646114E-5,4.971399903297424E-5,-0.2730693817138672,-0.6991748809814453,52498.874348958336,0.04990967114766439,238.66450627644858
2017-09-11,32.264305,77.48337,271.75010363260907,0.001474852371416091,7.450394332408905E-4,0.04518671830495199,0.273223876953125,57353.245442708336,0.32747689882914227,269.8754374186198
1957-07-18,31.73135,77.453546,285.8428414662679,0.012028768658638,0.0,0.047406514485677086,0.07510693868001302,66155.66975911458,-7.345364920210326E-25,284.3071918487549
1960-03-10,32.871927,88.449633,265.968537012736,1.1345330943868248E-4,1.0863691568374634E-4,2.639390150705973,1.1596500078837078,55060.770670572914,8.835792541503906E-4,245.91558519999185
2012-08-05,31.915674,77.126046,289.2769660949707,0.011397802829737458,0.0,-0.047504425048828125,0.05612953503926595,76857.77734375,1.0728836059570312E-6,286.7799650828044
1992-07-15,31.962323,77.115693,289.1469980875651,0.0068117478413682875,5.587935447692871E-9,0.0519568125406901,-0.07718972365061443,76453.43570963542,-7.345364920210326E-25,286.1431198120117
2003-07-16,32.119601,77.167443,285.48677253723145,0.010562354326243195,1.7017126083374023E-5,-0.05205472310384115,0.11788098017374675,69709.66536458333,3.933906555175781E-6,283.9469629923503
1955-08-02,26.025218,89.678593,299.038127263387,0.02228224277496338,0.0,-0.19192886352539062,0.6264438629150391,100254.634765625,-7.345364920210326E-25,297.6095078786214
2018-07-26,32.119601,77.167443,285.8724721272786,0.02377191431691017,2.247728407382965E-4,-0.03643226623535156,-0.11743470033009847,69307.66276041667,1.012881596883138E-4,284.25924555460614
1993-07-15,31.961203,76.742795,292.2603219350179,0.09262284636497498,0.0,-0.035350799560546875,-0.1450201670328776,81897.02522786458,-7.345364920210326E-25,291.52450942993164
2000-06-18,27.762103,73.230674,307.83202425638837,8.54581401199539E-7,0.0,3.4430631001790366,4.701807697614034,96763.23893229167,-7.345364920210326E-25,289.32269922892254
1986-07-15,29.072409,83.509865,276.39330291748047,0.008008146286005768,0.0015349183231592178,0.9443410237630209,0.5247669219970703,52324.86962890625,0.0010494788487752278,275.21959431966144
1986-08-14,33.434942,89.592702,276.1221345265706,0.008234614432353737,0.005812846124172211,-2.709296544392904,-3.105011224746704,55226.78857421875,0.0056322018305460615,273.60541280110675
1950-08-15,32.311159,77.171011,279.4544512430827,0.0017577558746779687,1.2485310435295105E-5,-0.07294408480326335,-0.08607884248097737,63062.254557291664,0.001497785250345866,278.1817576090495
1999-08-11,32.185594,77.199163,285.042241414388,0.010186450400738067,2.689659595489502E-6,0.07903607686360677,0.1757272481918335,68885.220703125,1.9431114196777344E-5,283.75594266255695
1958-07-01,32.117524,76.85757,279.1727867126465,0.012308508157730103,1.3150274753570557E-6,-0.10818417867024739,-0.4218757549921672,62574.035481770836,0.16544616222381592,276.87585639953613
1966-01-13,33.234318,86.890323,254.26789474487305,1.1744306982564012E-4,1.1572986841201782E-4,1.2250726620356243,-0.612285335858663,55137.494303385414,0.004479010899861653,243.8085422515869
1986-01-02,28.22517,85.318047,271.7999464670817,6.679548732790863E-6,5.8300793170928955E-6,-0.5226313273111979,-0.6367225249608358,70345.50748697917,0.053188443183898926,264.67158126831055
1975-11-15,28.194314,85.307218,276.17872428894043,0.0013843784945493098,7.326528429985046E-5,0.050997416178385414,0.018921931584676106,66503.38899739583,5.8809916178385414E-5,273.4781042734782
2012-08-03,32.353175,77.128044,280.5959892272949,0.019191819429295265,4.818383604288101E-4,-0.012738545735677084,-0.014715194702148438,63161.452473958336,0.1481560468673706,279.7438538869222
1965-01-05,34.409163,74.098664,265.0703207651774,1.1311545335956907E-6,7.003545761108398E-7,0.18880144755045572,-1.0030911763509114,76922.87353515625,0.17681757609049478,257.59999402364093
2006-02-01,31.229221,78.204721,262.91253089904785,0.0015377755264012194,0.00151786208152771,-1.0996646881103516,-0.0896453857421875,61162.611653645836,0.2646203835805257,258.5197461446126
1999-11-16,33.914416,76.229115,254.52596537272134,3.4344666346441954E-6,0.0,-0.09579149881998698,0.5195306142171224,59018.18310546875,0.05581208070119222,237.8150405883789
2020-05-14,27.895319,88.481671,271.8359839121501,0.0035155415534973145,0.001339789479970932,0.017885843912760418,0.7719055016835531,57538.783854166664,6.951231439908345,270.33936436971027
1978-07-15,31.8465,77.160003,290.4257748921712,0.024674463128633306,0.0,0.059422810872395836,0.15042054653167725,77543.25439453125,-7.345364920210326E-25,288.468942006429
1975-07-15,31.652325,78.384838,281.84783999125165,0.002849087486310964,3.6135315895080566E-7,0.35762890179951984,-0.06851208209991455,64879.650227864586,3.933906555175781E-5,279.80585289001465
2008-12-11,31.804213,86.404404,266.14180692036945,4.375333446660079E-7,0.0,4.1765289306640625,3.155409256617228,56943.54541015625,1.9073486328125E-6,240.58729235331217
2003-01-03,34.100178,81.081707,254.5765552520752,3.458203831314677E-4,3.425478935241699E-4,1.1479931672414143,0.972798744837443,51150.266276041664,0.0022348960240681968,242.14976437886557
2005-07-27,26.681488,78.651601,301.9938386281331,0.009535783529276642,0.0,-2.8503214518229165,-0.7151543299357096,98001.90185546875,-7.345364920210326E-25,298.49855677286786
1974-07-15,28.601155,83.596533,280.7794551849365,0.008088880201228221,1.043081283569336E-7,0.10772109031677246,0.22272173563639322,62007.05126953125,0.6822488307952881,279.86665534973145
1964-08-15,31.755374,76.781635,295.45759773254395,0.02094607353211586,0.0,0.17588488260904947,0.17133057117462158,86893.94596354167,-7.345364920210326E-25,294.2018534342448
1993-08-15,31.962323,77.115693,289.8595053354899,0.003652292489903175,0.0,0.10570335388183594,-0.00534518559773763,76490.82486979167,-7.345364920210326E-25,286.43018531799316
1966-08-13,34.126756,79.963036,276.1017945607503,5.051459363016875E-4,1.862645149230957E-8,1.425893783569336,0.6423270304997762,51210.8984375,2.7994314829508465E-4,266.5991204579671
1997-07-15,28.000026,86.853861,272.55422528584796,0.001398056745415488,6.593465805053711E-4,0.21030235290527344,0.034616827964782715,50449.778483072914,7.999279260635376,270.85861587524414
1957-05-07,30.016743,82.210817,264.2741991678874,0.0013246707741814134,0.001319095492362976,1.0552349090576172,1.2265482743581135,54626.294270833336,2.9691127936045327,262.11145909627277
1963-10-16,32.06634,77.122646,279.22941907246906,6.317039134273728E-5,1.9371509552001953E-6,-0.20102373758951822,-0.38143285115559894,73317.46110026042,1.2079874674479166E-5,270.2635332743327
1973-12-26,28.865306,75.098218,283.31132316589355,1.2801461366507283E-6,0.0,1.1276906331380208,-0.8752618630727133,99435.05094401042,-7.345364920210326E-25,274.98323822021484
2022-08-15,32.094957,77.121603,287.83617210388184,0.05934139749327372,0.0,0.2398529052734375,0.16130324204762778,73330.46826171875,-7.345364920210326E-25,286.7910219828288
1954-06-15,31.962323,77.115693,288.11610476175946,0.0032865285872389904,7.048435509204865E-5,-0.17905171712239584,-0.5350897709528605,76259.05257161458,4.9591064453125E-5,279.81661224365234
1954-10-15,32.094957,77.121603,276.95548248291016,0.0036659610486822203,0.0018430724740028381,-0.33474477132161456,-0.3749695618947347,73269.73177083333,0.0011554161707560222,272.3937307993571
1986-08-08,32.343773,77.356624,276.20374488830566,0.0017359763383524296,7.504969835281372E-5,-0.06291453043619792,0.21772638956705728,57871.621744791664,6.973333915074666,274.02052879333496
1963-12-09,29.09254,74.865398,291.0400555928548,1.71051942743361E-6,0.0,1.7855972051620483,-0.8387749989827474,99137.49267578125,-7.345364920210326E-25,273.9477055867513
1970-03-11,29.070897,83.325634,258.8456122080485,7.239043712274906E-4,7.189363241195679E-4,0.5981489817301432,0.3165866533915202,55749.908040364586,0.06543227036794026,254.24682807922363
1965-07-15,32.321175,77.155833,278.15183512369794,0.00980799572386104,8.191913366317749E-6,-0.2342535654703776,-0.38648223876953125,63178.845865885414,0.4279549916585286,276.2958863576253
1975-08-15,28.513604,85.790593,276.8695246378581,0.006177729368118889,0.0013817138969898224,0.7480049133300781,0.8967956701914469,54987.511555989586,0.0012374321619669597,275.143892288208
1980-02-03,28.349839,84.639285,262.326691309611,6.508231163024902E-4,6.299503147602081E-4,-0.27468260129292804,-0.3381328582763672,58400.303548177086,3.4496245781580606,256.84607632954913
1980-03-27,29.906684,73.304818,296.61069107055664,0.0,0.0,-0.4797814687093099,-1.830246130625407,99614.92106119792,-7.345364920210326E-25,279.6962521870931
2008-02-28,31.962323,77.115693,276.7023067474365,8.378362394978467E-7,0.0,-0.8573258717854818,-0.8623157739639282,77617.05940755208,0.43466118971506756,267.1908009847005
2012-08-01,26.413448,75.721815,301.02945709228516,0.004598289728164673,0.0,2.1032485961914062,1.3170802593231201,96506.84212239583,-7.345364920210326E-25,296.7734826405843
1989-11-18,27.414211,78.272862,294.44418398539227,0.0,0.0,-1.0845012664794922,0.5866076151529948,99493.04964192708,-7.345364920210326E-25,282.9857915242513
1983-03-28,34.480158,74.124273,274.2652416229248,8.454917406197637E-6,5.889683961868286E-6,0.2590192159016927,-0.7274040381113688,80525.2265625,0.8446542024612427,265.8445936838786
1957-05-09,28.386677,89.681428,268.0364742279053,0.0014827549457550049,0.0012531876564025879,0.16286786397298178,1.197094440460205,56336.217610677086,0.14695294698079428,264.812541325887
2012-12-26,32.737892,85.695039,257.0490258534749,8.642672355563263E-7,0.0,2.716702103614807,1.1816449165344238,54221.49365234375,0.0020409425099690757,241.24977938334146
1978-02-18,33.793152,74.346548,266.31211217244464,0.004229348897865748,0.004115737974643707,-0.0014832814534505208,0.08499244848887126,71278.02913411458,0.30658888816833496,264.21411387125653
2020-03-04,26.624622,73.805762,296.95490646362305,0.0,0.0,1.320670207341512,1.8978380759557087,97316.79947916667,-7.345364920210326E-25,277.5847638448079
1968-08-10,31.836383,77.192251,290.9248847961426,0.010688108205727076,0.0,0.1508159637451172,0.20152103900909424,77155.99820963542,-7.345364920210326E-25,289.29798253377277
1979-08-06,31.727959,76.801564,295.41541798909503,0.002457910776133332,0.0,-0.07077916463216145,-0.18617669741312662,83813.90673828125,-7.345364920210326E-25,291.9725755055745
2002-09-15,31.962323,77.115693,286.3281828562419,0.011071842908734197,7.5213611125946045E-6,-0.19669596354166666,-0.08656569321950276,77187.83610026042,3.611246744791667E-4,284.5641040802002
1989-06-26,33.529897,78.838633,277.3256530761719,2.2581219673156738E-4,3.0212104320526123E-6,0.7636439005533854,-0.5996296405792236,56996.243977864586,5.165735880533854E-7,267.33014551798504
1959-08-08,32.688294,80.109599,280.87768809000653,0.002597064345764011,0.0,1.4955705006917317,1.1820987462997437,54742.307291666664,-7.345364920210326E-25,271.3511397043864
1969-06-05,27.922565,89.442818,275.9368267059326,0.007677072286604414,3.0621886253356934E-5,-0.7455577850341797,0.6919676462809244,57179.329752604164,0.2645616928736369,275.1770668029785
2021-08-15,32.098208,77.135904,286.186030069987,0.0065621137619018555,1.2123025953769684E-4,-0.03328132629394531,-0.04852652549743652,73109.68766276042,6.0717264811197914E-5,283.33259137471515
2004-07-15,31.798306,77.269634,290.45766894022626,0.0015042363882002974,0.0,0.32357152303059894,0.006312886873881022,76784.99007161458,-7.27919033709973E-25,286.4501209259033
1972-08-09,32.094302,77.088592,287.08805592854816,0.009758129715919495,0.0,-0.0443878173828125,-0.03876622517903646,72391.70068359375,-7.345364920210326E-25,284.2338587443034
2002-08-14,31.89851,77.148252,290.43705050150555,0.013528344035080409,0.0,0.1900628407796224,0.07407760620117188,77794.3828125,-7.27919033709973E-25,287.90447425842285
1966-01-16,31.235251,87.670625,252.9259376525879,5.692242552868265E-7,1.4156103134155273E-7,0.8233629862467448,1.5824945370356243,54765.844401041664,0.008629798889160156,247.4903875986735
1986-07-01,32.358227,77.226632,273.4758942921956,0.0030845820901959087,0.0021643787622451782,-0.3210124969482422,0.04549725850423177,60277.126302083336,0.9617660045623779,271.99402046203613
1979-07-15,32.150212,76.995375,281.7510738372803,0.0019470545442459297,1.6391277313232422E-6,0.030256271362304688,-0.26904869079589844,63246.607747395836,5.563100179036459E-7,279.12015024820965
2003-07-16,31.874889,77.332798,285.38521003723145,0.011385077238077912,0.0,0.11611747741699219,0.04622570673624674,68710.66536458333,-7.27919033709973E-25,283.5853093465169
2003-07-15,31.885985,77.258726,288.9351755777995,0.0057421839110247674,0.0,0.14178911844889322,0.10768544673919678,73794.60628255208,-7.27919033709973E-25,286.46629333496094
1994-08-22,32.021075,77.135692,288.6670093536377,0.06735067367543479,0.0,0.05206223328908285,0.2857818603515625,72757.05192057292,-7.345364920210326E-25,287.4023742675781
1978-02-25,33.430363,75.214877,269.8022168477376,4.261732087229575E-7,0.0,-1.5920831362406414,-0.7410535415013632,76932.85725911458,0.3644486665725708,260.1978193918864
1978-06-19,27.721817,75.625943,306.3913637797038,0.003638749898016158,0.0,2.1328455607096353,0.01800405979156494,94877.14680989583,-7.345364920210326E-25,295.431978225708
2012-09-04,31.962323,77.115693,289.36150487263996,0.013555707923160298,0.0,0.13739776611328125,0.11524327596028645,77160.64176432292,-7.345364920210326E-25,287.399138768514
1964-08-25,30.328065,79.662418,281.5255750020345,0.02779872287675289,1.0539591312408447E-4,0.2042719523111979,0.28824106852213544,63216.927083333336,3.790855407714844E-5,280.9981625874837
1959-11-15,28.215008,85.526744,267.3408857981364,3.325939178466797E-5,2.8926879167556763E-5,-0.03922271728515625,-0.24163500467936197,56658.522298177086,0.0018535455067952473,260.1077238718669
1965-03-05,31.873789,78.815829,250.20404116312662,8.553266184208042E-7,0.0,0.5157219171524048,-0.2721093495686849,56769.568684895836,0.1036597490310669,245.4843349456787
1965-07-06,28.152889,79.277492,307.56627400716144,0.0013807058334300848,0.0,4.867494583129883,1.435918649037679,97684.95149739583,-7.345364920210326E-25,295.8676045735677
1997-08-12,31.8465,77.160003,289.35704867045087,0.01861456616711621,8.929520845413208E-6,0.18965784708658853,0.13840035597483316,77549.01106770833,1.9311904907226562E-5,287.64707310994464
1975-06-06,32.599167,74.458595,305.49349149068195,8.592703295562387E-7,0.0,-0.4382173220316569,-0.9922787745793661,96249.75895182292,-7.345364920210326E-25,285.14302889506024
1987-09-02,33.544676,76.430363,274.76377932230633,8.079409599304199E-5,2.8170645236968994E-5,0.6220722198486328,-0.0019539594650268555,56950.050618489586,5.407980799674988,271.3868096669515
1957-08-15,32.094957,77.121603,286.82537333170575,0.010904738306994233,0.0,-0.052889506022135414,-0.1107695500055949,73318.24967447917,-7.345364920210326E-25,284.8887087504069
1996-07-10,31.661851,76.952006,295.1428928375244,0.02445453435706213,0.0,0.2896109422047933,0.2655758460362752,85112.36946614583,-7.345364920210326E-25,293.954434076945
1961-08-09,28.329284,73.417218,304.27038828531903,1.5251235282676134E-4,0.0,1.1869970957438152,3.5582187175750732,97383.14827473958,-7.345364920210326E-25,295.4409656524658
2019-11-15,28.151879,85.875762,268.4527231852214,1.0579824447631836E-4,1.0187923908233643E-4,0.24287096659342447,-0.252224604288737,57452.932779947914,2.4187790950139365,262.26026344299316
1954-08-15,32.212451,77.513499,276.7387409210205,8.997350930712855E-4,1.4122575521469116E-4,0.2793420155843099,0.0787506103515625,56978.63427734375,3.614765246709188,274.8216139475505
1984-08-24,31.844637,77.259964,287.71253331502277,0.025149819254863814,0.0,0.06277974446614583,0.08805457750956218,73662.25944010417,-7.345364920210326E-25,286.13628514607746
1974-08-20,32.200504,77.520535,274.1260000864665,1.5437901009818233E-4,7.95908272266388E-5,0.11026318868001302,0.1185925801595052,56676.712727864586,3.614716331164042,271.49309158325195
2018-10-05,28.359016,79.322208,298.66289138793945,1.7179796714117401E-6,0.0,1.5138092041015625,-0.9831005334854126,98976.42301432292,-7.345364920210326E-25,293.4756679534912
2017-03-11,30.098666,80.800212,263.23748715718585,0.006521444018062539,0.006405100226402283,-0.10722307364145915,0.5926125844319662,63221.7529296875,0.20991377035776773,261.07289187113446
2003-07-15,32.341888,77.388298,276.0635935465495,8.390164248339715E-4,5.311146378517151E-5,-0.15329551696777344,0.19964508215586343,57484.52294921875,7.055447340011597,274.1888682047526
1978-08-15,32.098208,77.135904,287.9193236033122,0.0045212358235176,0.0,0.03369903564453125,-0.07838157812754314,72776.48453776042,-7.345364920210326E-25,284.5088946024577
1950-12-16,32.680629,74.968992,285.7928714752197,0.002982884645462036,0.0,-1.0937118530273438,-0.5255373318990072,95171.35026041667,-7.345364920210326E-25,278.76177406311035
1980-07-16,31.895596,77.417456,282.5917797088623,0.005858737230255429,2.6151537895202637E-6,0.11327425638834636,-0.09988999366760254,64982.330891927086,3.4936269124348957E-4,281.1181157430013
1974-03-06,26.729062,78.801255,297.57707532246906,8.642672355563263E-7,0.0,-1.0027211507161458,0.38475366433461505,99252.81136067708,-7.345364920210326E-25,281.42690594991046
1991-08-15,29.608017,79.984161,294.42053667704266,0.017644572257893287,0.0,0.2226416269938151,0.23924708366394043,84332.9091796875,-7.345364920210326E-25,293.118226369222
1974-07-15,31.603078,77.454335,285.6802527109782,0.009926193376429637,5.885958671569824E-7,0.23422662417093912,0.07652219136555989,68419.88460286458,-7.345364920210326E-25,284.18647956848145
1995-08-15,32.256421,77.188376,284.67960993448895,7.39985704420576E-4,8.568167686462402E-7,-0.03396161397298177,-1.48773193359375E-4,66775.56949869792,3.0235449473063153E-4,281.36083984375
1990-07-16,31.874889,77.332798,285.39977836608887,0.01789350085073238,0.0,0.15146573384602866,0.023948033650716145,68806.09375,2.384185791015625E-7,284.8013038635254
1981-12-23,32.524928,85.11269,257.88348325093585,0.0,0.0,2.840998967488607,1.0157204071680705,54435.859049479164,0.0016481479008992512,240.43901189168295
2015-07-16,32.026754,77.366163,280.69998359680176,0.00760951638210372,3.602355718612671E-6,-0.8602917989095052,-0.48669127623240155,61742.610514322914,0.014334996541341146,278.16966438293457
1987-08-15,31.964196,77.107479,288.95959726969403,0.0015930890681374876,8.195638656616211E-8,0.1051801045735677,0.06320512294769287,76638.77620442708,3.2186508178710938E-6,285.76217524210614
1956-04-27,26.14958,88.124026,299.2871856689453,0.013980662169615243,0.0,-2.721487561861674,-0.5484007596969604,99972.72965494792,-7.345364920210326E-25,295.9975992838542
1982-07-23,31.915674,77.126046,290.09070078531903,0.021203907812605394,0.0,0.10939407348632812,0.0735245148340861,76393.37809244792,6.357828776041666E-7,288.2521489461263
2018-07-02,32.310391,77.158178,280.39999198913574,0.01164507865894393,6.913766264915466E-5,0.045483907063802086,0.17275075117746988,63203.40234375,0.14715131123860678,279.5873114267985
2003-03-29,32.729617,76.674216,263.9458745320638,0.01575350280887733,0.015728961676359177,-0.6308039426803589,-0.09802560011545818,61823.64453125,0.5615409215291342,260.8208872477214
2007-06-01,31.825326,88.542215,276.7330519358317,3.7517249580787393E-4,1.8615275621414185E-5,1.035174051920573,-0.2454828421274821,58413.626953125,1.5564759572347006E-4,268.635456720988
2011-07-21,32.342655,77.136728,279.44590759277344,0.0011411488055728114,2.5957822799682617E-5,-0.027990976969401043,-0.20454140504201254,63252.035807291664,0.10968705018361409,278.12074025472003
2019-08-21,30.452017,74.492026,304.61450894673663,4.785788364358723E-5,0.0,-0.3669859568277995,0.8683360815048218,97946.17122395833,-7.345364920210326E-25,296.2875582377116
1987-10-12,28.665882,83.300291,272.61549123128253,5.745470522811047E-4,1.0617077350616455E-6,0.36667219797770184,-0.23409112294514975,57470.25927734375,7.574281096458435,267.80471420288086
1977-05-03,26.681847,85.549128,299.63379224141437,1.5118057223162396E-4,0.0,-0.47845713297526044,0.7670442660649618,99844.73470052083,-7.345364920210326E-25,290.09213638305664
2010-02-16,28.05534,73.34564,290.35593032836914,4.410743663640915E-7,0.0,1.830809473991394,-2.2276310125986734,98931.9111328125,-7.345364920210326E-25,274.04321161905926
2003-07-15,28.601155,83.596533,281.2051137288411,0.011190599786459643,3.814138472080231E-5,0.14431190490722656,0.29485992590586346,62287.439615885414,0.6806460618972778,280.48785909016925
1987-09-02,29.063806,84.669265,277.74734052022296,0.0017121434211730957,5.9254467487335205E-5,0.4967466990152995,1.1257519324620564,55307.21728515625,3.520647684733073E-5,273.47803688049316
1954-01-26,26.56202,74.017469,288.8164431254069,4.4107436991680515E-7,0.0,-2.6899401346842446,0.2034024397532145,97493.37255859375,-7.345364920210326E-25,267.20927747090656
2011-04-25,28.237596,85.498829,273.0335210164388,4.1047632693747005E-4,2.3066997528076172E-5,-0.2671362559000651,-0.6466805140177408,63392.55712890625,0.019417802492777508,265.491517384847
1952-09-02,31.145516,75.458289,301.708838780721,2.139806724699156E-6,0.0,-1.2327378590901692,1.2730389436086018,97513.44677734375,-7.345364920210326E-25,295.51685841878253
1962-08-22,31.747056,77.256818,289.3108736673991,0.006232920288937294,0.0,0.26540056864420575,-0.0049944718678792315,76888.83349609375,-7.345364920210326E-25,286.765230178833
1992-03-29,32.729617,76.674216,263.3524805704753,0.0010316669940948486,9.796880185604095E-4,-0.5240586598714193,0.1507191260655721,61715.62939453125,0.7341533501942953,259.42101669311523
1975-08-16,31.592943,77.213025,289.4174582163493,0.004367727041312719,0.0,0.05562464396158854,-0.1943446397781372,75414.70279947917,-7.345364920210326E-25,286.87040456136066
2005-08-15,32.144873,77.414585,278.2189935048421,0.009474724531173706,2.1886080503463745E-4,0.3178857167561849,0.07326316833496094,57429.400065104164,5.449130932490031,276.6921857198079
1957-09-24,33.685242,85.525157,273.537872950236,0.001092199123888804,2.495609223842621E-4,0.7182242075602213,-0.30080171426137287,56174.714518229164,3.71853510538737E-4,267.7933813730876
1989-07-01,32.094957,77.121603,285.7082926432292,0.005541197144623311,3.569573163986206E-5,-0.12981096903483072,-0.27963582674662274,72934.36604817708,2.7930736541748047E-4,281.13232739766437
1987-09-22,32.797365,77.430127,270.34156290690106,1.6236305236816406E-4,1.475214958190918E-4,0.6930840810139974,1.0097267230351765,54745.855631510414,7.70886739095052E-5,263.5375162760417
2016-02-03,29.152049,89.753003,269.8463884989421,5.2213668482181674E-6,2.0638108253479004E-6,1.1015129089355469,0.7879268328348795,58545.104166666664,4.807313283284505E-4,253.73514366149902
1997-01-15,28.237596,85.498829,264.05822881062824,6.921956659766693E-4,6.863102316856384E-4,-0.13522911071777344,-0.04057896137237549,63387.03564453125,0.002138813336690267,259.0156497955322
2016-08-09,31.696468,76.927599,295.0176296234131,0.012007470104833828,0.0,0.13080978393554688,0.04539227485656738,85462.9462890625,-7.345364920210326E-25,293.1182683308919
2017-06-24,26.09442,72.195421,306.9515660603841,9.553493030693971E-4,0.0,2.1297741731007895,3.5669519503911338,97963.52652994792,-7.345364920210326E-25,295.3060480753581
1952-08-15,32.094957,77.121603,287.4337463378906,0.03477596603843125,1.757219433784485E-5,0.08475430806477864,0.1743783156077067,72831.06136067708,1.2318293253580729E-5,286.46488253275555
1955-02-15,28.309242,83.962494,272.1539885203044,0.003251648582136113,4.158914089202881E-5,0.07740906874338786,-0.7465755144755045,74724.46028645833,0.02851688861846924,268.5776933034261
2019-11-18,28.821586,74.273742,292.38214683532715,0.0,0.0,3.213592608769735,-0.05283419291178385,99228.98974609375,-7.345364920210326E-25,287.5375035603841
1952-04-26,32.25203,86.000758,271.2932484944661,0.0013084144238177942,9.268857538700104E-4,0.9052104949951172,-1.7218236525853474,56064.130859375,0.002287785212198893,264.82251866658527
1964-09-15,32.094957,77.121603,284.65694936116535,0.006041797995465004,1.989305019378662E-6,-0.20399602254231772,-0.2508215506871541,73070.39029947917,2.0662943522135415E-6,282.86877059936523
2024-02-22,34.03179,74.359307,268.8506145477295,2.579689015647091E-5,2.3923814296722412E-5,0.4623667399088542,0.20634241898854574,77775.93782552083,0.13689649105072021,262.8721154530843
1951-05-02,29.778079,81.246683,273.27662022908527,0.0024000699394832736,0.0022216401994228363,0.1294116973876953,-0.07792917887369792,66989.78841145833,0.8454233805338541,270.2937463124593
1952-08-01,29.324779,75.850884,300.52238210042316,0.00841249015371659,0.0,-1.746233622233073,-0.060697476069132485,97064.04573567708,-7.345364920210326E-25,298.11545689900714
1984-07-21,31.962323,77.115693,289.77619552612305,0.012745004892167344,0.0,0.2715307871500651,0.26825586954752606,76289.33268229167,-7.345364920210326E-25,287.839204788208
2023-05-07,29.804486,82.533269,261.5381495157878,3.606468439087962E-4,3.575421869754791E-4,0.7161960601806641,1.0130116144816081,54473.015299479164,0.2932990789413452,258.7921822865804
1978-03-15,32.759515,76.19334,276.0798536936442,0.004538968205451965,7.790215313434601E-4,-0.7400239308675131,-0.2645932038625081,77620.38753255208,0.6025492747624716,271.554879506429
1980-07-15,27.982441,86.88153,272.83664321899414,0.02851516902444473,0.024084080010652542,0.2252801259358724,0.9988818168640137,50509.275065104164,8.000431617101034,271.51620928446454
2012-11-14,28.718882,83.582068,263.8655370076497,3.168731927871704E-4,2.67665833234787E-4,0.34310658772786456,-0.22734947999318442,56742.691243489586,2.097391406695048,257.09518178304035
1971-07-15,31.962323,77.115693,290.16326904296875,0.00484873167454225,0.0,0.06105931599934896,-0.02042047182718913,76372.85904947917,-7.345364920210326E-25,287.04209009806317
1975-02-18,33.567255,74.417193,266.9027849833171,2.5019049644470215E-5,2.2351741790771484E-8,-0.7668164571126302,0.015757242838541668,69458.2470703125,0.36346423625946045,255.91376368204752
1984-08-06,27.954697,72.290854,302.85897000630695,1.2788176434241905E-5,0.0,0.4025859832763672,5.292366027832031,98223.29703776042,-7.345364920210326E-25,294.07309341430664
1975-01-17,28.5139,84.547015,256.3609199523926,0.0010577887278486742,0.001055646687746048,-0.02357037862141927,-0.31659118334452313,55776.096354166664,6.6199045578638716,250.57744789123535
2015-08-11,32.185594,77.199163,286.203711827596,0.010646972060101234,3.8370490074157715E-7,0.03229586283365885,0.09867040316263835,69686.87467447917,1.5894571940104166E-7,284.4614734649658
1996-07-15,31.8465,77.160003,290.05431874593097,9.945536185114179E-4,1.0311603546142578E-5,-0.0020497639973958335,-0.23509840170542398,77630.71826171875,7.66913096110026E-6,285.2916437784831
2011-08-05,32.073054,77.413219,280.35108184814453,0.003772825002670288,1.202896237373352E-5,-0.15182367960611978,-0.15336171785990396,60349.57275390625,0.17015286286671957,279.1907450358073
1960-05-04,31.297158,76.33663,301.6494337717692,9.329408407161566E-4,0.0,-1.5869986216227214,-0.9859652916590372,95393.43277994792,-7.345364920210326E-25,282.36858050028485
2015-05-23,30.699976,87.274648,275.131591796875,0.0017282485961800376,0.001127675175666809,2.1403414408365884,-0.33621100584665936,54510.87109375,2.899964650472005E-4,261.2409922281901
1997-02-11,27.120901,85.551419,288.92263412475586,4.436809831531718E-6,0.0,0.9038047790527344,-0.369797150293986,98006.13264973958,-7.345364920210326E-25,281.2205861409505
2017-07-21,32.527479,76.883774,280.8929951985677,0.004044383764266968,0.0,0.14646593729654947,0.1121838887532552,61094.883951822914,0.2534918785095215,278.8866729736328
2005-02-18,33.793152,74.346548,266.4788678487142,0.035361847090825904,0.034470055252313614,0.16049067179361978,0.4652216037114461,70590.14664713542,0.3695726792017619,265.0398820241292
1952-08-15,32.217764,77.191933,283.68773396809894,0.007063978543008886,1.3142824172973633E-5,0.05728848775227865,0.1466683546702067,66829.10302734375,1.4543533325195312E-5,282.23766899108887
1978-02-17,27.64065,75.782287,284.58470726013184,0.003996029496192932,0.0,2.1874891916910806,1.9608519872029622,95738.400390625,-7.345364920210326E-25,280.80029741923016
1955-05-21,26.884376,86.605426,299.20422490437824,5.482316016696132E-4,0.0,-0.8552735646565756,0.6414862076441447,92822.20426432292,-7.345364920210326E-25,292.383363087972
2009-08-10,31.561826,77.251362,289.89749908447266,0.00197407603263855,0.0,0.1437098185221354,-0.13893000284830728,75373.62076822917,-7.345364920210326E-25,287.4824104309082
1993-07-15,32.206327,77.273999,279.5359567006429,0.0026426613330841064,1.495853066444397E-4,-0.2984123229980469,-0.09871482849121094,62907.733561197914,0.0010124444961547852,276.41741307576496
2015-02-11,31.589081,78.055409,257.3461163838704,1.2895628742626286E-6,7.450580596923828E-9,-0.6629332701365153,-1.0764869848887126,66210.11442057292,0.21207849184672037,239.69445737202963
2007-08-15,32.060629,77.474507,278.7600351969401,0.0020376419400918167,2.454221248626709E-5,0.2698378960291545,0.08433250586191814,60268.092610677086,0.1701521873474121,277.060204188029
1991-08-15,27.774219,87.942253,277.889368057251,0.005594480037586891,0.001140143722295761,0.028793970743815105,0.20750880241394043,57126.867513020836,0.0016615788141886394,276.659974416097
1950-08-14,32.074893,77.131686,286.43274116516113,0.026160016655921936,0.0,-0.06820615132649739,-0.07002735137939453,72502.15787760417,-7.345364920210326E-25,285.7193768819173
1986-10-02,29.009991,88.373365,277.41604868570965,0.0017769515513919032,8.568167686462402E-6,0.3792883555094401,0.42510541280110675,59848.945638020836,1.2159347534179688E-5,268.1022669474284
2004-07-15,32.321823,77.191854,279.99282519022626,0.005112269449227824,3.5315752029418945E-5,0.029951731363932293,0.0066384077072143555,63346.323404947914,0.009598731994628906,277.9288806915283
1980-07-20,31.962323,77.115693,290.0235373179118,0.007462501525878906,0.0,0.19713147481282553,0.18697293599446616,76239.80094401042,-7.345364920210326E-25,287.68302790323895
1997-10-12,28.307943,83.656707,282.48836962382,7.677267780650254E-4,3.271177411079407E-5,-0.004337310791015625,-0.23187442620595297,76538.9951171875,4.168351491292318E-5,277.5495745340983
1991-08-19,29.720499,79.909537,293.17151006062824,0.009685605764389038,0.0,0.13421058654785156,0.2508138020833333,82497.23323567708,-7.345364920210326E-25,291.95703506469727
1953-02-22,33.671049,74.282728,277.5635223388672,0.0049588856259674685,0.0044600144028663635,-0.9412545363108317,-0.2984269857406616,82070.49137369792,0.06927382946014404,273.6955216725667
2003-07-24,32.27205,77.183656,284.1295992533366,0.0057682931423173045,7.953494787216187E-6,-0.05826123555501302,0.08742709954579671,66959.77685546875,9.973843892415365E-6,282.6081663767497
2009-11-14,32.738483,77.551319,262.65698051452637,0.020964387059109413,0.02095840498805046,0.4017569224039714,1.326768438021342,54323.4716796875,0.040123979250590004,261.0687510172526
2005-07-15,31.881522,77.335263,285.3029378255208,0.009215730428650204,0.0,0.17697652180989584,-0.05548687775929769,68610.41048177083,-7.345364920210326E-25,283.47220675150555
2011-08-16,32.212825,77.187293,280.08051045735675,0.0268148405212969,0.007211890071630478,-0.13440895080566406,-0.36609260241190594,66897.38981119792,0.011893749237060547,279.0951398213704
2006-09-23,31.89851,77.148252,286.58715947469074,1.75476074169012E-5,7.450580596923828E-8,-0.1865673065185547,-0.1650137503941854,78253.94319661458,2.1855036417643228E-6,280.44337399800617
1988-05-21,32.094957,77.121603,282.91651662190753,0.007368493080093685,2.669021487236023E-4,-0.21710713704427084,-0.4167664845784505,73440.5712890625,0.11741836865743001,276.9259675343831
2017-12-13,33.437922,86.727958,260.2774651845296,1.38705224799196E-5,1.0453164577484131E-5,3.443408966064453,3.646397272745768,53133.32958984375,0.0011012156804402669,243.9085833231608
2004-12-19,33.349891,77.67342,258.8757101694743,0.0029445946215673757,0.0029368847608566284,-0.26819419860839844,2.135358691215515,54004.71484375,0.0022606849670410156,248.87816747029623
2002-07-15,31.962323,77.115693,290.69895044962567,0.010375042289677339,0.0,0.19357935587565103,0.3297583262125651,76801.11409505208,-7.27919033709973E-25,288.16179911295575
1992-05-25,31.150446,79.493804,268.3273448944092,2.5837443899945356E-6,0.0,0.8232491811116537,0.6785615682601929,55006.67333984375,0.30489591757456463,255.36280822753906
1967-08-23,27.784865,75.726554,299.2176335652669,0.006646975874900818,0.0,2.2415682474772134,1.1671695709228516,94831.26204427083,-7.345364920210326E-25,296.3155212402344
2014-10-20,31.887941,89.077578,273.93630091349286,1.8990039734489983E-5,1.9334256649017334E-6,0.34191131591796875,-0.04231452941894531,58789.300944010414,8.948644002278645E-5,261.97880999247235
2000-04-15,28.064493,85.219222,281.75817680358887,0.0031712852042460327,4.332885146141052E-5,-0.0625152587890625,-0.0842209259668986,72819.14241536458,1.6689300537109375E-5,276.60696665445965
1952-03-15,32.980929,75.951903,268.23150634765625,0.05217769699964947,0.05165686830878258,-0.8449319203694662,0.17389822006225586,70351.18766276042,0.6149857044219971,266.3311367034912
1984-01-09,28.440541,84.480002,260.8692048390706,0.001577097177403175,0.0015748366713523865,-0.044414520263671875,-1.0953025817871094,59891.4990234375,2.857620120048523,250.53920110066733
1993-08-15,32.026385,77.34959,279.75094413757324,0.0011839151381423108,6.854534149169922E-7,0.15790875752766928,-0.00644381841023763,62368.366536458336,6.079673767089844E-6,276.7288506825765
1986-07-15,32.321823,77.191854,281.8892339070638,0.0019627153873393866,4.205852746963501E-6,-0.036168416341145836,-0.07797559102376302,63183.452962239586,0.7887705167134603,280.28819783528644
1965-07-15,32.017747,77.136064,286.76259358723956,0.03822512106813747,2.60770320892334E-8,-0.09940656026204427,-0.1392491658528646,72628.30419921875,-7.345364920210326E-25,285.734037399292
1996-08-22,32.001838,77.233118,282.69458707173663,0.01651737093925476,3.2041221857070923E-4,-0.006361643473307292,-0.22626586755116782,67774.28597005208,1.8926461537679037E-4,281.1842517852783
1971-11-22,27.527391,82.00075,293.9484755198161,3.0132114261505194E-6,0.0,0.5689570109049479,-0.051831563313802086,100293.08968098958,-7.345364920210326E-25,287.76111539204913
1989-03-10,27.343619,83.520803,296.6665217081706,0.0,0.0,1.2406260172526042,-0.020131429036458332,99528.07486979167,-7.345364920210326E-25,281.96137619018555
1995-11-24,33.776031,74.645932,275.7091941833496,8.52346317969932E-7,0.0,0.6746559143066406,0.22581879297892252,78287.103515625,6.157954533894857E-4,268.0826009114583
1973-05-22,34.057968,76.596701,263.1612199147542,1.6765501641202718E-5,1.4182180166244507E-5,0.28936322530110675,0.7919268608093262,55187.503255208336,0.57962965965271,258.0610815684001
1993-04-15,29.602508,82.949506,259.13720258076984,3.012090638776499E-5,2.5387853384017944E-5,0.9186763763427734,0.3950843811035156,54014.761393229164,0.1955113410949707,256.6400801340739
1962-04-15,28.217826,85.517401,266.1929766337077,6.564891169205112E-4,6.471537053585052E-4,0.0067424774169921875,-0.0541764497756958,56674.54150390625,0.2650613784790039,262.2258103688558
1972-08-15,32.094957,77.121603,286.3592955271403,0.011423871672654684,0.0,0.021277745564778645,-0.05749122301737467,73255.30696614583,4.013379414876302E-6,284.7717685699463
2013-10-16,32.022197,77.127349,279.7035884857178,0.0026319235562368704,1.283213496208191E-4,-0.37488683064778644,-0.4716485341389974,73658.39339192708,3.4769376118977863E-4,275.96111424763996
2009-08-15,27.572033,87.986955,278.7148081461589,0.011485771707327785,2.123415470123291E-6,0.12261899312337239,0.41561341285705566,59068.265950520836,1.801962931950887,278.2148615519206
2016-07-17,33.808078,82.110274,276.37278747558594,0.0025990009307292894,7.707551121711731E-4,0.3883476257324219,0.49988047281901044,53840.638997395836,0.004009644190470378,273.0144723256429
1994-08-21,32.026385,77.34959,281.64128557840985,0.012723482723856705,9.799376130104065E-6,-0.003872553507486979,0.051313320795694985,62491.2294921875,3.7749608357747397E-6,280.33241335550946
1998-10-16,32.06634,77.122646,278.6395886739095,0.07418426871299744,0.029936105012893677,-0.2856362660725911,-0.5816665490468343,72890.97412109375,0.013276815414428711,277.7516574859619
1964-09-15,31.962323,77.115693,287.2424799601237,0.008873197436230384,8.828938007354736E-7,-0.17421086629231772,-0.20530966917673746,76781.64029947917,1.231829325358073E-6,285.2607790629069
2018-01-02,33.220894,86.696665,254.40273094177246,3.603577612807385E-4,3.586187958717346E-4,2.9648831685384116,0.9860114256540934,53508.553059895836,0.001224795977274577,241.24887784322104
1981-07-10,31.962323,77.115693,289.9743709564209,0.005867618322270118,0.0,0.06078656514485677,-0.022642135620117188,76371.01220703125,3.178914388020833E-7,287.30207379659015
2024-05-27,27.216302,80.602209,309.7272694905599,2.582036358944606E-6,0.0,-0.925072987874349,0.3333991765975952,97923.07682291667,-7.345364920210326E-25,293.35888671875
2020-01-14,34.397451,73.860665,266.4769287109375,1.377016305923462E-4,1.370757818222046E-4,-0.39079920450846356,-0.6755593617757162,74831.74853515625,0.30037355422973633,260.32643763224286
1999-08-07,32.323001,77.149517,281.491668065389,0.015345475190713387,7.588416337966919E-6,0.08429908752441406,0.022094448407491047,62974.0234375,0.04336778322855631,280.20453516642254
2015-08-15,31.8465,77.160003,290.92620277404785,0.014636620879173279,0.0,0.1913140614827474,-0.009071667989095053,78117.470703125,-7.345364920210326E-25,288.9931812286377
1965-05-16,29.934155,84.86474,268.2720896402995,1.2209847341182467E-5,9.804964065551758E-6,3.1459744771321616,0.6732531785964966,50904.436848958336,2.2482872009277344E-4,255.89343961079916
1955-10-15,32.094957,77.121603,277.295129776001,9.13321970870129E-5,8.635967969894409E-5,-0.5086034138997396,-0.677300771077474,73030.37841796875,0.03631722927093506,269.2290465037028
1987-10-15,31.970946,77.122043,281.3310743967692,3.9817762717575533E-4,1.6231462359428406E-4,-0.38110605875651044,-0.4536144733428955,77152.7158203125,3.712972005208333E-4,272.9385274251302
2000-08-21,32.026385,77.34959,279.65555636088055,0.0011607497930512523,4.7497451305389404E-7,0.03677241007486979,-0.012489120165506998,61902.54150390625,1.986821492513021E-7,276.3335641225179
1973-01-17,31.210414,87.115275,261.73431396484375,1.5161633484694903E-4,1.4298409223556519E-4,2.340039690335592,1.0562618970870972,55231.481282552086,0.00422052542368571,249.63704363505045
1950-11-26,31.984128,81.621788,249.16631444295248,5.739927189551963E-6,4.857778549194336E-6,1.685219446818034,1.055428187052409,55065.545247395836,0.021324515342712402,243.41349093119302
1973-07-26,32.028285,77.352347,280.9994004567464,0.02016286634898279,0.0025409385561943054,0.010666529337565104,0.09635225931803386,62124.937662760414,1.2393792470296225E-4,279.11986923217773
1981-02-21,26.09869,75.344024,293.8613478342692,3.0083210731390864E-6,0.0,-0.6776765187581381,-1.1095466613769531,97553.828125,-7.345364920210326E-25,274.9512189229329
2008-10-15,32.253867,76.844837,267.47744433085126,0.015722169741138714,0.009642869234085083,-0.33963457743326825,-0.38513795534769696,60605.012369791664,0.006923516591389974,265.0605888366699
2015-09-27,27.306029,80.913909,300.7361265818278,1.9353047036929638E-5,0.0,1.3409881591796875,-0.12001800537109375,99208.48404947917,-7.345364920210326E-25,294.1627559661865
1985-08-23,31.833299,76.977335,291.0253365834554,0.009699046611785889,0.0,0.20123672485351562,0.48887932300567627,78796.51139322917,-7.345364920210326E-25,289.332311630249
1982-06-08,31.870878,81.440467,278.57080396016437,2.3909623223516974E-6,2.421438694000244E-7,3.080012003580729,0.8953990936279297,55701.795247395836,-7.345364920210326E-25,265.1386953989665
1990-02-04,30.922613,79.04385,255.7469253540039,3.0660927285453E-4,3.0013173818588257E-4,-0.3723766803741455,0.5594828923543295,54368.358235677086,8.425159851710001,250.85236740112305
1980-08-14,30.1203,76.483362,301.507999420166,0.005254358053093711,0.0,-0.21531041463216147,0.06519786516825359,97293.14534505208,-7.345364920210326E-25,298.36268107096356
1994-07-11,31.972036,77.216131,287.9975242614746,0.0051854491233775946,0.0,-0.07341066996256511,0.019196828206380207,71139.21077473958,-7.345364920210326E-25,285.9191830952962
1977-07-03,31.821539,72.492483,302.0873260498047,0.0033237487077713013,0.0,-1.441052754720052,0.42333412170410156,97452.43766276042,-7.345364920210326E-25,298.51684315999347
2015-07-16,31.885391,77.337003,286.34541002909344,0.021937549114113608,1.4901161193847656E-8,-0.3366101582845052,-0.22594908873240152,68125.65218098958,-7.345364920210326E-25,284.80971972147626
1979-03-15,31.841332,77.485476,263.103089650472,1.5154480934143066E-5,1.4021992683410645E-5,-0.9060904184977213,-0.7605356772740682,63862.472005208336,0.48260823885599774,256.0602118174235
1954-02-25,33.10374,74.961704,278.4129416147868,8.862614631155452E-5,4.2147934436798096E-5,-0.44668606917063397,-0.5520547231038412,83106.54850260417,0.08863961696624756,269.23961639404297
1950-04-20,31.226611,89.465408,271.83935228983563,4.410743663640915E-7,0.0,4.612043301264445,1.6905059417088826,54996.443684895836,6.949106852213541E-4,249.0873737335205
1966-09-14,28.004062,72.545753,300.7507095336914,1.3010769635002362E-6,0.0,2.2572898864746094,4.609058380126953,98776.76904296875,-7.345364920210326E-25,292.02683512369794
2006-09-23,31.863499,77.019881,287.89233525594074,1.8858909601959795E-5,1.4901161193847656E-8,-0.14156405131022134,-0.15541088581085205,79964.27652994792,-7.345364920210326E-25,281.47145016988117
2014-10-14,28.673226,83.518843,273.249272664388,0.09642758290965503,0.05962382256984711,-0.19736289978027344,0.367314616839091,62356.440755208336,0.7276226679484049,272.4778010050456
1986-01-04,31.019595,85.871182,262.4925765991211,0.0,0.0,3.585824966430664,1.5146369934082031,55739.61279296875,9.073019027709961E-4,242.12833722432455
1998-07-15,28.688387,83.543016,281.7167561848958,0.00974010229109723,0.0,0.23441187540690103,0.5523516337076823,61901.54345703125,0.6806013186772665,280.8573513031006
1965-06-11,27.582368,75.106909,307.14834531148273,9.041428565481624E-5,0.0,4.268863042195638,1.2588727871576946,95039.84716796875,-7.345364920210326E-25,287.93016688028973
1962-01-02,32.372698,75.213307,281.56424140930176,4.351138045421976E-7,0.0,0.2269453207651774,-0.8715461095174154,96946.00113932292,-7.345364920210326E-25,274.1637719472249
2018-09-15,32.094957,77.121603,283.8882179260254,7.797420024822088E-4,4.673376679420471E-5,-0.12370236714680989,-0.14228343963623047,73607.63053385417,2.2836526234944662E-4,279.2121938069661
2005-03-11,28.718525,82.580582,271.2574710845947,0.0067609488963285,0.0020770542323589325,-0.14411608378092447,-0.017784754435221355,67006.04345703125,0.01637844244639079,268.52315584818524
2022-06-17,33.244436,87.952978,276.6896266937256,0.0018578976392404911,1.1398643255233765E-4,1.5144240061442058,-1.1575974225997925,54539.212239583336,3.4046173095703125E-4,269.84394391377765
1989-10-07,34.150368,73.87409,286.58221371968585,8.806586208720546E-6,0.0,-0.11524009704589844,-0.09021345774332683,77090.48258463542,-7.345364920210326E-25,276.8562876383464
2015-01-13,33.732506,82.359242,256.0206756591797,5.6937651777388965E-5,5.190074443817139E-5,2.6771270036697388,1.680232564608256,51257.817220052086,0.004702329635620117,243.57275009155273
1970-07-19,31.039195,74.625726,310.3710123697917,8.50683318276424E-6,0.0,1.1610711415608723,0.04226112365722656,97055.89908854167,-7.345364920210326E-25,293.92354075113934
1997-08-15,28.206287,85.62293,274.4453182220459,0.003344758534126413,9.200535714626312E-5,0.16892560323079428,0.3315773010253906,54306.204915364586,8.632549206415812,273.15843137105304
1971-12-26,26.517992,75.24052,288.6755428314209,8.642671787129075E-7,0.0,0.7123775482177734,-0.5333669583002726,97423.93180338542,-7.345364920210326E-25,277.53564453125
2010-08-15,31.962323,77.115693,290.44296646118164,0.03873942534954722,0.0,0.04561487833658854,0.08267335096995036,77128.20133463542,-7.345364920210326E-25,289.0964940388997
2021-08-21,32.299281,77.74239,273.9584032694499,0.01298620104779502,0.010641930624842644,0.45660730202992755,0.4180891513824463,54920.490071614586,0.33207472165425617,272.88844807942706
1994-02-12,31.315824,72.705159,288.1986306508382,8.900165539671434E-5,0.0,-2.1596253712972007,-0.5397634506225586,99296.34244791667,-7.345364920210326E-25,278.55324999491376
1997-06-24,28.557143,79.702578,301.5277264912923,0.016080391887044243,0.0,-1.9764417012532551,0.9183133045832316,97956.71321614583,-7.345364920210326E-25,297.9888661702474
2022-08-15,27.774219,87.942253,275.8446356455485,0.0029081668547696893,3.7046149373054504E-4,-0.056859334309895836,0.5681229035059611,57208.301595052086,0.006039818127950032,274.6613019307454
2007-08-15,31.962323,77.115693,290.27476501464844,0.006303486762021748,0.0,0.11334375540415446,0.11826805273691814,76612.71761067708,-7.345364920210326E-25,287.8110993703206
2016-07-17,34.02,82.25,276.81565856933594,0.0031357705592540697,6.076321005821228E-4,0.4175224304199219,0.25036875406901044,54230.888997395836,0.00370482603708903,273.19871711730957
1951-11-03,27.896575,86.486777,262.81767082214355,2.8654860432197893E-4,9.970739483833313E-5,-0.3360186815261841,-0.6229970852533976,53009.177734375,0.02417151133219401,259.2882963816325
2020-08-23,28.689363,83.59783,282.07309023539227,0.0066008119155505085,0.0,0.17808659871419272,0.475860595703125,62890.49560546875,0.6806013981501261,281.2434876759847
1972-02-15,28.591301,84.14375,259.72166951497394,0.007646999291125667,0.007640626281499863,0.2353823979695638,0.14097472031911215,60651.504069010414,0.25901798407236737,256.64220301310223
2011-06-15,31.678989,76.897052,296.9873797098796,0.0044508257020083875,0.0,-0.2612679799397786,-0.2758625348409017,86286.11197916667,-7.345364920210326E-25,289.4430357615153
1977-02-06,27.417884,79.061538,286.9396692911784,1.284479992591514E-6,0.0,2.8681411743164062,-1.4622821410497029,99740.19563802083,-7.345364920210326E-25,275.39838155110675
1973-09-15,31.760111,77.108608,290.0999272664388,0.006693387679376883,0.0,0.2751839955647786,0.09305000305175781,79431.22135416667,-7.345364920210326E-25,288.06421852111816
1962-11-08,33.144126,79.613647,264.25605456034344,8.593730171924108E-7,0.0,0.23769632975260416,0.289700706799825,55455.202311197914,2.980629603068034E-4,242.65846061706543
2023-04-04,27.376775,88.763713,273.0772342681885,0.010204538702964783,0.001130223274230957,-0.14086786905924478,0.6706922054290771,63509.92822265625,0.00909721851348877,272.12825202941895
1967-08-01,26.288293,77.338814,301.94871457417804,0.0075817108154296875,0.0,1.0789025624593098,0.5933160384496053,97444.06884765625,-7.345364920210326E-25,297.49451128641766
2001-08-15,32.256421,77.188376,284.151164372762,0.006911158561706543,1.8328428268432617E-6,0.05259831746419271,0.17279688517252603,67270.62646484375,2.3516019185384115E-4,282.72830899556476
1979-04-09,31.506025,82.34933,269.85134442647296,1.2841485954595555E-6,0.0,2.0104827880859375,0.8143316904703776,56810.299479166664,4.143714904785156E-4,250.10753313700357
2018-10-20,29.548729,74.627309,298.3265635172526,4.4107436991680515E-7,0.0,-0.04466350873311361,-1.204376260439555,99217.82698567708,-7.345364920210326E-25,278.1524092356364
2010-07-15,32.017747,77.136064,287.8291657765706,0.004358303546798226,7.37607479095459E-7,-0.13464482625325522,-0.14115206400553384,73362.32454427083,1.5894571940104166E-7,284.5348593393962
1972-07-18,31.729745,77.374042,288.3113822937012,0.00987768840661829,2.1979212760925293E-6,0.5514149268468221,0.0018876393636067708,72140.60888671875,1.1920928955078125E-7,286.8801441192627
1964-12-10,31.381232,77.527388,276.5165761311849,0.013898701863297447,0.008493725210428238,-1.0425405104955037,-0.18596998850504556,80754.37060546875,0.018509268760681152,270.5982386271159
1982-08-11,32.209949,77.481604,277.6490186055501,0.002177032828285519,6.002932786941528E-5,0.14210128784179688,0.3844916025797526,57619.182942708336,0.32651440302530926,276.24800364176434
1973-07-15,32.248596,77.190601,281.41313489278156,0.014817893505096436,9.126588702201843E-5,-0.4113915761311849,-0.5024455785751343,67026.55224609375,0.27298347155253094,279.62977663675946
2021-11-27,29.78761,77.678172,289.72328122456867,8.553266184208042E-7,0.0,-1.2503238121668498,0.0658111572265625,98533.62858072917,-7.345364920210326E-25,284.8288033803304
1951-08-15,31.962323,77.115693,290.0318915049235,0.019184949994041745,0.0,0.15737215677897134,0.2008380889892578,76380.17643229167,-7.345364920210326E-25,288.47361437479657
1984-03-27,31.343589,82.79905,268.4726670583089,3.596037626039106E-4,3.4748390316963196E-4,1.494842529296875,-0.794677734375,56594.13232421875,3.331104914347331E-4,250.51033655802408
2023-01-30,34.05491,74.392715,270.65307807922363,0.030409499950053487,0.01668860763311386,0.6903313000996908,0.24393653869628906,77927.26090494792,0.16743683815002441,268.7216796875
2021-05-07,29.804486,82.533269,266.49844678243,0.0010981500148723455,0.001092027872800827,0.9958871205647787,0.7839943567911783,54795.594563802086,0.1909646193186442,264.57274436950684
2008-07-15,32.094957,77.121603,287.60507520039874,0.009732531444626602,0.0,0.14347076416015625,0.17498342196146646,72980.83333333333,-7.345364920210326E-25,286.0028597513835
1959-02-28,30.954566,79.755005,254.15476353963217,9.766612492967397E-6,7.368624210357666E-6,1.04381267229716,0.3891516129175822,52890.051106770836,0.2372734546661377,241.93961397806802
2019-08-10,31.915674,77.126046,291.2507559458415,0.015446426879236697,0.0,0.11340840657552083,0.1771678924560547,76894.1328125,-7.345364920210326E-25,289.27370262145996
1952-07-11,31.972036,77.216131,285.2132403055827,0.008617244746119468,0.0,-0.013003667195638021,-0.09916643301645915,71437.43489583333,1.986821492513021E-7,284.0393123626709
1957-02-21,31.528548,78.142533,258.59577496846515,2.869099377562634E-4,2.848096191883087E-4,-0.49309555689493817,-0.43155479431152344,64811.087076822914,0.5186155637105306,250.38275591532388
1988-10-13,33.223958,77.518266,257.631596883138,7.556378835715805E-5,7.15106725692749E-5,-0.030867258707682293,0.7358543475468954,56375.3203125,0.11032374699910481,254.0691286722819
2007-07-15,28.797514,83.600947,281.98647435506183,0.0046058940023954165,1.1965632438659668E-5,0.38970502217610675,0.7910579442977905,62603.55029296875,5.880991617838542E-6,280.27971204121906
1954-11-17,34.397451,73.860665,276.41094398498535,0.0,0.0,-0.3907459576924642,-0.42785008748372394,75450.57747395833,2.478758494059245E-4,258.68245061238605
1976-06-22,26.481473,73.08794,304.67281277974445,5.984604358673096E-4,0.0,3.4266929626464844,2.0407649278640747,97253.44775390625,-7.345364920210326E-25,293.24072392781574
1951-08-04,31.8465,77.160003,290.5687821706136,0.018983328342415007,0.0,0.04376665751139323,0.007847468058268229,77387.69140625,-7.345364920210326E-25,288.38188044230145
2020-01-17,28.591216,84.208337,264.33693567911786,0.04596183310508195,0.04522893950343132,0.19770348072052002,0.7569979031880697,62105.56884765625,0.3480900526046753,263.4648857116699
1979-01-08,29.445812,79.053563,286.7022164662679,8.593796856359859E-7,0.0,-0.046829541524251304,-0.9713242848714193,94453.8271484375,-7.345364920210326E-25,281.1808401743571
1975-03-11,28.840926,83.059938,262.7654603322347,0.007768136731158393,0.007755223661661148,-0.11676915486653645,0.6503881216049194,59991.68798828125,0.17163650194803873,261.49937502543133
2020-08-15,31.784951,77.19751,292.7180010477702,0.016144871711730957,0.0,0.2320876121520996,0.2646498680114746,79966.27506510417,-7.345364920210326E-25,290.9613087972005
2003-10-21,27.884711,74.300502,299.34420077006024,3.008750354638323E-6,0.0,-0.6903578440348307,-0.19874747594197592,97618.12906901042,-7.345364920210326E-25,274.94139162699383
2009-03-16,31.044441,83.345073,261.3445523579915,3.4655928601523556E-4,3.4429505467414856E-4,1.1382471720377605,0.2353520393371582,52484.345052083336,6.63598378499349E-4,249.37550989786783
1999-12-07,31.526316,82.470346,260.84751256306964,1.4690049260934757E-4,1.430325210094452E-4,1.2198187510172527,2.2513784567515054,55599.248046875,1.3860066731770834E-4,249.3336009979248
1951-07-15,28.000026,86.853861,270.96268526713055,8.359086074278821E-4,3.4093111753463745E-4,0.3257287343343099,0.2667264938354492,50552.289225260414,8.014347751935324,269.389102935791
2000-08-15,31.04259,77.048366,294.061222076416,0.0024283988466322626,0.0,0.5603300730387369,-0.15646644433339438,83922.91471354167,-7.345364920210326E-25,291.5041224161784
2018-07-26,32.028285,77.352347,280.972895304362,0.016548129393356703,6.514042615890503E-5,0.02505048116048177,-0.04028626283009847,61867.204427083336,3.0080477396647137E-5,279.72449620564777
1991-08-14,31.830596,76.734801,296.9193795522054,0.005674469470875465,0.0,0.1491552988688151,0.3815072377522786,87840.80403645833,-7.345364920210326E-25,294.05275026957196
1976-08-22,34.365434,84.277373,275.61777178446454,0.007780152559178077,0.0035189352929592133,-0.39467493693033856,-1.2550342877705891,55370.417317708336,0.0018146038055419922,273.26231066385907
1955-08-15,31.876869,77.151737,289.8034420013428,0.029384493827819824,0.0,0.24332682291666666,0.25441165765126544,77408.22867838542,1.4702479044596355E-6,288.54061635335285
1976-08-24,31.915674,77.126046,287.88867060343426,0.0072955727577159735,3.098137676715851E-5,0.0056222279866536455,0.01338489850362142,76338.82405598958,1.2516975402832031E-5,285.42147636413574
2007-07-15,31.95113,77.111019,290.3706703186035,0.0018903361887510073,7.195398211479187E-6,0.08133506774902344,-0.04374023278554281,76618.05029296875,3.1789143880208335E-6,285.79265149434406
1951-08-15,31.787448,76.925907,292.9515692392985,0.027665349841072384,0.0,0.3913402557373047,0.3979816436767578,81768.384765625,-7.345364920210326E-25,291.7196267445882
1996-07-15,31.652325,78.384838,282.52868398030597,7.641369629709516E-4,1.993030309677124E-6,0.3629811604817708,0.22600185871124268,64916.84326171875,2.5033950805664062E-6,278.7900161743164
2006-06-15,32.518184,77.161413,273.50313504536945,0.0028464049100875854,0.0014932509511709213,0.17630958557128906,0.2541197935740153,59991.283040364586,0.5737500190734863,272.00839869181317
1995-07-15,31.920949,77.508228,280.3396174112956,0.008239490887604006,8.336305618286133E-4,0.07187970479329427,-0.11398907502492268,61794.536946614586,6.999173482259114,278.5543384552002
2020-11-22,34.411691,85.610656,255.55617396036783,1.3586878776550293E-4,1.3168156147003174E-4,3.8641815185546875,1.7289965550104778,51782.106608072914,0.0032821098963419595,239.38067372639975
2002-07-02,31.89851,77.148252,292.16561635335285,0.01572933197020987,2.9802322387695312E-8,0.26809247334798175,0.3873233000437419,77716.4365234375,-7.27919033709973E-25,289.98233159383136
2020-07-21,31.898135,76.811252,290.581968943278,0.024842032790179047,0.0,-0.5913734436035156,-0.8567637999852499,82736.68782552083,-7.345364920210326E-25,288.4658552805583
2015-07-16,32.119601,77.167443,285.72333971659344,0.006229877471810141,4.3157488107681274E-6,-0.41799036661783856,-0.47395527362823486,69141.15218098958,3.1789143880208335E-6,282.8045113881429
2019-08-11,32.094957,77.121603,288.5930601755778,0.008582336082895381,0.0,0.05201021830240885,0.10936737060546875,73220.45963541667,-7.345364920210326E-25,286.8875102996826
2014-09-01,33.448842,78.836682,280.0761661529541,9.725872032504412E-4,7.286667823791504E-6,1.0571537017822266,0.2336262067159017,56341.509440104164,9.179115295410156E-6,267.91573333740234
2020-09-23,31.752688,76.831652,292.6825141906738,0.0010605454444885254,0.0,-0.07835896809895833,-0.33769957224527997,84325.78401692708,-7.345364920210326E-25,289.1139087677002
1973-06-02,29.392625,80.773875,295.5088710784912,0.0012659758328368298,0.0,0.038820743560791016,-0.2557588418324788,86260.54313151042,-7.345364920210326E-25,287.2392972310384
2016-10-13,32.177402,85.747311,273.5245730082194,8.553265615773853E-7,0.0,3.2666327158610025,0.4965463876724243,56478.304361979164,1.1432170867919922E-4,256.7687238057454
1981-08-15,32.026385,77.34959,280.02604484558105,0.0053081214427948,9.395182132720947E-6,0.09121513366699219,0.17898341019948324,62362.8017578125,2.0305315653483074E-5,278.47486241658527
1969-11-15,26.690741,88.781466,292.8332875569661,0.0013183653354644775,0.0,-0.7155246734619141,-0.4124751091003418,97873.9990234375,-7.345364920210326E-25,289.57922236124676
1997-07-18,31.763871,76.221186,299.64488855997723,0.02818921506394645,0.0,-0.8659152984619141,0.9129889806111654,93064.63037109375,-7.345364920210326E-25,297.5276222229004
1954-09-23,29.321231,85.299668,276.5373700459798,0.003068351745600495,0.001302570104598999,0.09195836385091145,0.3213574488957723,55838.375813802086,0.0030142863591512046,272.60333824157715
1997-08-02,32.117314,77.14719,283.72717984517413,0.0660390555858612,0.006319653242826462,-0.021668116251627605,-0.38195693492889404,68695.62190755208,0.001316388448079427,282.0776659647624
2018-09-15,32.235883,77.032562,277.5402361551921,0.004279965162272248,0.0023170672357082367,-0.12386512756347656,-0.13268057505289713,66043.5888671875,0.0010637839635213215,274.4084828694661
2002-03-05,31.811375,78.656008,246.91350173950195,8.612871056357108E-7,0.0,-0.732271671295166,-0.4508779048919678,58127.624837239586,0.1838132937749227,239.13143030802408
2021-01-15,28.237596,85.498829,273.19153849283856,6.258487701416016E-7,6.258487701416016E-7,-0.18189239501953125,-0.32629430294036865,63162.202962239586,3.478527069091797E-4,264.1561222076416
1959-01-14,34.397451,73.860665,262.1497923533122,0.0,0.0,-0.30815573533376056,-1.1079477071762085,75312.00048828125,0.26406697432200116,250.14313507080078
2006-09-04,31.727341,76.865023,293.48703893025714,7.923036813686224E-4,0.0,-0.09279958407084148,-0.24167950948079428,84850.90950520833,-7.345364920210326E-25,288.47325770060223
2020-10-15,32.094957,77.121603,283.1559549967448,0.0,0.0,-0.12791653474171957,-0.15337014198303223,73429.86930338542,1.3510386149088542E-6,274.57140350341797
2011-08-16,32.058827,77.134856,285.80682881673175,0.025607354726275844,2.3502856492996216E-5,-0.08358701070149739,-0.26571011543273926,72987.63981119792,0.0011542638142903645,284.7211163838704
2002-06-12,31.129012,87.84108,277.54727935791016,0.0052651613949805665,4.6562962234020233E-4,0.3423512776692708,0.7521442174911499,55395.509928385414,0.0016634066899617512,274.18548583984375
1960-07-23,31.962323,77.115693,290.68566576639813,0.0065250396728515625,0.0,0.060657501220703125,0.11790919303894043,76332.67252604167,3.178914388020833E-7,288.315367380778
